Source,Target,Type,ID,Label,timeset,weight
We have: 2 2's.,We have no digits.,Directed,1,,,320
"We have: 3 2's, 3 3's.",We have: 2 2's.,Directed,2,,,116
"We have: 4 2's, 2 4's.",We have: 2 2's.,Directed,3,,,32
"We have: 4 2's, 4 3's, 4 4's.","We have: 3 2's, 3 3's.",Directed,4,,,48
"We have: 5 2's, 5 3's, 5 4's, 5 5's.","We have: 4 2's, 4 3's, 4 4's.",Directed,5,,,8
"We have: 11 1's, 1 2, 1 3, 1 4, 1 5.",We have no digits.,Directed,6,,,15
"We have: 11 1's, 11 2's, 3 3's, 2 4's, 3 5's.","We have: 2 1's, 5 2's, 1 4, 2 5's.",Directed,7,,,25
"We have: 12 1's, 11 2's, 11 3's, 3 4's, 4 5's.","We have: 2 1's, 5 2's, 5 3's, 1 4, 3 5's.",Directed,8,,,36
"We have: 12 1's, 12 2's, 11 3's, 3 4's, 5 5's.","We have: 3 1's, 5 2's, 5 3's, 2 4's, 3 5's.",Directed,9,,,1
"We have: 13 1's, 3 2's, 4 3's, 4 4's, 2 5's.","We have: 11 1's, 1 2, 1 3, 1 4, 1 5.",Directed,10,,,6
"We have: 13 1's, 3 2's, 5 3's, 2 4's, 3 5's.","We have: 11 1's, 1 2, 1 3, 1 4, 1 5.",Directed,11,,,8
"We have: 14 1's, 11 2's, 12 3's, 11 4's, 5 5's.","We have: 3 1's, 5 2's, 11 3's, 5 4's, 3 5's.",Directed,12,,,14
"We have: 14 1's, 13 2's, 5 3's, 3 4's, 11 5's.","We have: 5 1's, 12 2's, 2 3's, 1 4, 5 5's.",Directed,13,,,2
"We have: 14 1's, 14 2's, 11 3's, 13 4's, 4 5's.","We have: 4 1's, 13 2's, 5 3's, 5 4's, 3 5's.",Directed,14,,,11
"We have: 14 1's, 14 2's, 2 3's, 5 4's, 11 5's.","We have: 5 1's, 12 2's, 1 3, 2 4's, 5 5's.",Directed,15,,,7
"We have: 14 1's, 3 2's, 11 3's, 11 4's, 4 5's.","We have: 4 1's, 2 2's, 5 3's, 4 4's, 3 5's.",Directed,16,,,1
"We have: 14 1's, 4 2's, 11 3's, 11 4's, 3 5's.","We have: 4 1's, 3 2's, 5 3's, 4 4's, 2 5's.",Directed,17,,,4
"We have: 2 1's, 12 2's, 2 3's, 3 4's.","We have: 4 2's, 2 4's.",Directed,18,,,14
"We have: 2 1's, 3 2's, 2 3's, 1 5.",We have no digits.,Directed,19,,,11
"We have: 2 1's, 3 2's, 2 3's, 1 4.",We have no digits.,Directed,20,,,5
"We have: 2 1's, 5 2's, 1 4, 2 5's.",We have: 2 2's.,Directed,21,,,85
"We have: 2 1's, 5 2's, 1 3, 2 5's.",We have: 2 2's.,Directed,22,,,14
"We have: 2 1's, 5 2's, 5 3's, 1 4, 3 5's.","We have: 3 2's, 3 3's.",Directed,23,,,56
"We have: 22 1's, 12 2's, 13 3's, 14 4's, 4 5's.","We have: 14 1's, 4 2's, 11 3's, 11 4's, 3 5's.",Directed,24,,,2
"We have: 22 1's, 23 2's, 4 3's, 11 4's, 12 5's.","We have: 14 1's, 14 2's, 2 3's, 5 4's, 11 5's.",Directed,25,,,6
"We have: 23 1's, 15 2's, 11 3's, 5 4's, 14 5's.","We have: 14 1's, 13 2's, 5 3's, 3 4's, 11 5's.",Directed,26,,,1
"We have: 24 1's, 13 2's, 15 3's, 13 4's, 11 5's.","We have: 14 1's, 11 2's, 12 3's, 11 4's, 5 5's.",Directed,27,,,3
"We have: 3 1's, 3 3's, 1 4, 1 5.",We have no digits.,Directed,28,,,86
"We have: 3 1's, 1 2, 3 3's, 1 5.",We have no digits.,Directed,29,,,88
"We have: 3 1's, 1 2, 3 3's, 1 4.",We have no digits.,Directed,30,,,9
"We have: 3 1's, 2 2's, 3 3's, 1 4, 1 5.",We have no digits.,Directed,31,,,49
"We have: 3 1's, 5 2's, 11 3's, 5 4's, 3 5's.","We have: 4 2's, 4 3's, 4 4's.",Directed,32,,,19
"We have: 3 1's, 5 2's, 4 3's, 4 4's, 2 5's.","We have: 2 1's, 3 2's, 2 3's, 1 4.",Directed,33,,,1
"We have: 3 1's, 5 2's, 5 3's, 2 4's, 3 5's.","We have: 2 1's, 3 2's, 2 3's, 1 4.",Directed,34,,,3
"We have: 4 1's, 5 3's, 4 4's, 3 5's.","We have: 3 1's, 3 3's, 1 4, 1 5.",Directed,35,,,1
"We have: 4 1's, 12 2's, 2 3's, 4 4's, 3 5's.","We have: 2 1's, 5 2's, 1 4, 2 5's.",Directed,36,,,30
"We have: 4 1's, 13 2's, 5 3's, 5 4's, 3 5's.","We have: 2 1's, 12 2's, 2 3's, 3 4's.",Directed,37,,,12
"We have: 4 1's, 2 2's, 5 3's, 4 4's, 3 5's.","We have: 3 1's, 3 3's, 1 4, 1 5.",Directed,38,,,3
"We have: 4 1's, 3 2's, 5 3's, 4 4's, 2 5's.","We have: 3 1's, 1 2, 3 3's, 1 4.",Directed,39,,,6
"We have: 5 1's, 1 2, 5 3's, 3 4's, 4 5's.","We have: 3 1's, 3 3's, 1 4, 1 5.",Directed,40,,,27
"We have: 5 1's, 11 2's, 2 4's, 5 5's.","We have: 2 1's, 5 2's, 1 4, 2 5's.",Directed,41,,,3
"We have: 5 1's, 11 2's, 2 3's, 5 5's.","We have: 2 1's, 5 2's, 1 3, 2 5's.",Directed,42,,,2
"We have: 5 1's, 11 2's, 2 3's, 3 4's, 4 5's.","We have: 2 1's, 5 2's, 1 4, 2 5's.",Directed,43,,,1
"We have: 5 1's, 11 2's, 3 3's, 2 4's, 4 5's.","We have: 2 1's, 5 2's, 1 3, 2 5's.",Directed,44,,,1
"We have: 5 1's, 12 2's, 1 3, 2 4's, 5 5's.","We have: 2 1's, 5 2's, 1 4, 2 5's.",Directed,45,,,9
"We have: 5 1's, 12 2's, 2 3's, 1 4, 5 5's.","We have: 2 1's, 5 2's, 1 3, 2 5's.",Directed,46,,,7
"We have: 1 0, 11 1's, 1 3, 1 4, 1 5.",We have no digits.,Directed,47,,,14
"We have: 1 0, 11 1's, 1 2, 1 4, 1 5.",We have no digits.,Directed,48,,,4
"We have: 1 0, 11 1's, 1 2, 1 3, 1 5.",We have no digits.,Directed,49,,,6
"We have: 1 0, 11 1's, 1 2, 1 3, 1 4.",We have no digits.,Directed,50,,,16
"We have: 1 0, 11 1's, 12 2's, 3 3's, 2 4's, 3 5's.","We have: 2 1's, 5 2's, 1 4, 2 5's.",Directed,51,,,1
"We have: 1 0, 11 1's, 2 2's, 1 3, 1 4, 1 5.",We have no digits.,Directed,52,,,2
"We have: 1 0, 12 1's, 12 2's, 11 3's, 3 4's, 4 5's.","We have: 2 1's, 5 2's, 5 3's, 1 4, 3 5's.",Directed,53,,,1
"We have: 1 0, 13 1's, 11 2's, 11 3's, 2 4's, 5 5's.","We have: 2 1's, 5 2's, 5 3's, 1 4, 3 5's.",Directed,54,,,3
"We have: 1 0, 13 1's, 11 2's, 12 3's, 3 4's, 5 5's.","We have: 3 1's, 5 2's, 5 3's, 2 4's, 3 5's.",Directed,55,,,1
"We have: 1 0, 13 1's, 14 2's, 4 3's, 12 4's, 4 5's.","We have: 4 1's, 12 2's, 2 3's, 4 4's, 3 5's.",Directed,56,,,1
"We have: 1 0, 14 1's, 11 2's, 13 3's, 12 4's, 4 5's.","We have: 3 1's, 5 2's, 11 3's, 5 4's, 3 5's.",Directed,57,,,1
"We have: 1 0, 14 1's, 12 2's, 12 3's, 11 4's, 5 5's.","We have: 3 1's, 5 2's, 11 3's, 5 4's, 3 5's.",Directed,58,,,3
"We have: 1 0, 14 1's, 13 2's, 4 3's, 11 4's, 5 5's.","We have: 4 1's, 12 2's, 2 3's, 4 4's, 3 5's.",Directed,59,,,25
"We have: 1 0, 15 1's, 13 2's, 2 3's, 4 4's, 11 5's.","We have: 5 1's, 11 2's, 2 4's, 5 5's.",Directed,60,,,2
"We have: 1 0, 15 1's, 13 2's, 4 3's, 2 4's, 11 5's.","We have: 5 1's, 11 2's, 2 3's, 5 5's.",Directed,61,,,1
"We have: 1 0, 15 1's, 13 2's, 4 3's, 4 4's, 11 5's.","We have: 5 1's, 12 2's, 2 3's, 1 4, 5 5's.",Directed,62,,,3
"We have: 1 0, 2 1's, 3 2's, 2 3's.",We have no digits.,Directed,63,,,32
"We have: 1 0, 2 1's, 5 2's, 2 5's.",We have: 2 2's.,Directed,64,,,36
"We have: 1 0, 2 1's, 5 2's, 5 3's, 3 5's.","We have: 3 2's, 3 3's.",Directed,65,,,10
"We have: 1 0, 24 1's, 11 2's, 12 3's, 14 4's, 5 5's.","We have: 14 1's, 4 2's, 11 3's, 11 4's, 3 5's.",Directed,66,,,1
"We have: 1 0, 25 1's, 13 2's, 14 3's, 14 4's, 11 5's.","We have: 14 1's, 11 2's, 12 3's, 11 4's, 5 5's.",Directed,67,,,10
"We have: 1 0, 3 1's, 3 3's, 1 5.",We have no digits.,Directed,68,,,39
"We have: 1 0, 3 1's, 3 3's, 1 4.",We have no digits.,Directed,69,,,5
"We have: 1 0, 3 1's, 1 2, 3 3's.",We have no digits.,Directed,70,,,13
"We have: 1 0, 3 1's, 2 2's, 3 3's, 1 5.",We have no digits.,Directed,71,,,18
"We have: 1 0, 3 1's, 2 2's, 3 3's, 1 4.",We have no digits.,Directed,72,,,8
"We have: 1 0, 3 1's, 4 2's, 3 3's, 2 4's, 1 5.",We have: 2 2's.,Directed,73,,,26
"We have: 1 0, 3 1's, 5 2's, 2 3's, 1 4, 2 5's.",We have: 2 2's.,Directed,74,,,10
"We have: 1 0, 32 1's, 15 2's, 15 3's, 15 4's, 12 5's.","We have: 22 1's, 12 2's, 13 3's, 14 4's, 4 5's.",Directed,75,,,1
"We have: 1 0, 32 1's, 31 2's, 12 3's, 12 4's, 13 5's.","We have: 22 1's, 23 2's, 4 3's, 11 4's, 12 5's.",Directed,76,,,2
"We have: 1 0, 33 1's, 15 2's, 23 3's, 15 4's, 14 5's.","We have: 24 1's, 13 2's, 15 3's, 13 4's, 11 5's.",Directed,77,,,1
"We have: 1 0, 34 1's, 15 2's, 21 3's, 15 4's, 15 5's.","We have: 24 1's, 13 2's, 15 3's, 13 4's, 11 5's.",Directed,78,,,1
"We have: 1 0, 4 1's, 4 2's, 5 3's, 3 4's, 3 5's.","We have: 2 1's, 3 2's, 2 3's, 1 5.",Directed,79,,,1
"We have: 1 0, 5 1's, 5 3's, 3 4's, 4 5's.","We have: 3 1's, 3 3's, 1 4, 1 5.",Directed,80,,,13
"We have: 1 0, 5 1's, 12 2's, 2 4's, 5 5's.","We have: 2 1's, 5 2's, 1 4, 2 5's.",Directed,81,,,14
"We have: 1 0, 5 1's, 12 2's, 2 3's, 5 5's.","We have: 2 1's, 5 2's, 1 3, 2 5's.",Directed,82,,,1
"We have: 1 0, 5 1's, 12 2's, 2 3's, 3 4's, 4 5's.","We have: 2 1's, 5 2's, 1 4, 2 5's.",Directed,83,,,1
"We have: 1 0, 5 1's, 12 2's, 3 3's, 2 4's, 4 5's.","We have: 2 1's, 5 2's, 1 3, 2 5's.",Directed,84,,,2
"We have: 1 0, 5 1's, 2 2's, 5 3's, 3 4's, 4 5's.","We have: 3 1's, 3 3's, 1 4, 1 5.",Directed,85,,,18
"We have: 1 0, 5 1's, 3 2's, 5 3's, 2 4's, 4 5's.","We have: 3 1's, 1 2, 3 3's, 1 5.",Directed,86,,,55
"We have: 1 0, 5 1's, 3 2's, 5 3's, 4 4's, 4 5's.","We have: 3 1's, 2 2's, 3 3's, 1 4, 1 5.",Directed,87,,,38
"We have: 10 0's, 12 1's, 20 2's, 12 3's, 10 4's, 3 5's.","We have: 2 0's, 3 1's, 12 2's, 10 3's, 5 4's, 2 5's.",Directed,88,,,3
"We have: 10 0's, 13 1's, 20 2's, 2 3's, 2 4's, 10 5's.","We have: 2 0's, 5 1's, 12 2's, 1 4, 5 5's.",Directed,89,,,1
"We have: 10 0's, 14 1's, 10 2's, 12 3's, 2 4's, 3 5's.","We have: 3 0's, 5 1's, 3 2's, 10 3's, 2 5's.",Directed,90,,,1
"We have: 10 0's, 14 1's, 11 2's, 5 3's, 5 4's, 10 5's.","We have: 3 0's, 4 1's, 10 2's, 4 3's, 3 4's, 3 5's.",Directed,91,,,1
"We have: 10 0's, 14 1's, 5 2's, 12 3's, 5 4's, 3 5's.","We have: 4 0's, 10 1's, 3 2's, 10 3's, 3 4's.",Directed,92,,,3
"We have: 10 0's, 15 1's, 10 2's, 12 3's, 3 4's, 2 5's.","We have: 3 0's, 10 1's, 3 2's, 10 3's, 2 4's.",Directed,93,,,1
"We have: 10 0's, 15 1's, 4 2's, 10 3's, 10 4's, 10 5's.","We have: 1 0, 5 1's, 3 2's, 5 3's, 4 4's, 4 5's.",Directed,94,,,2
"We have: 10 0's, 15 1's, 5 2's, 11 3's, 4 4's, 10 5's.","We have: 3 0's, 5 1's, 4 2's, 10 3's, 2 4's, 3 5's.",Directed,95,,,14
"We have: 10 0's, 20 1's, 13 2's, 13 3's, 5 4's, 4 5's.","We have: 3 0's, 12 1's, 11 2's, 10 3's, 3 4's, 2 5's.",Directed,96,,,1
"We have: 10 0's, 20 1's, 5 2's, 10 3's, 5 4's, 3 5's.","We have: 2 0's, 13 1's, 3 2's, 4 3's, 4 4's.",Directed,97,,,13
"We have: 10 0's, 20 1's, 5 2's, 5 3's, 5 4's, 10 5's.","We have: 2 0's, 13 1's, 3 2's, 4 3's, 4 4's, 2 5's.",Directed,98,,,1
"We have: 10 0's, 21 1's, 13 2's, 12 3's, 5 4's, 11 5's.","We have: 4 0's, 10 1's, 10 2's, 10 3's, 4 4's, 5 5's.",Directed,99,,,6
"We have: 10 0's, 21 1's, 15 2's, 12 3's, 3 4's, 11 5's.","We have: 4 0's, 10 1's, 12 2's, 10 3's, 2 4's, 5 5's.",Directed,100,,,1
"We have: 10 0's, 21 1's, 22 2's, 20 3's, 13 4's, 5 5's.","We have: 3 0's, 13 1's, 13 2's, 14 3's, 12 4's, 3 5's.",Directed,101,,,3
"We have: 10 0's, 21 1's, 23 2's, 14 3's, 14 4's, 5 5's.","We have: 4 0's, 12 1's, 20 2's, 12 3's, 11 4's, 3 5's.",Directed,102,,,6
"We have: 10 0's, 22 1's, 10 2's, 10 3's, 1 4, 5 5's.","We have: 2 0's, 13 1's, 3 2's, 5 3's, 3 5's.",Directed,103,,,1
"We have: 10 0's, 22 1's, 12 2's, 14 3's, 5 4's, 11 5's.","We have: 4 0's, 12 1's, 4 2's, 13 3's, 3 4's, 5 5's.",Directed,104,,,1
"We have: 10 0's, 22 1's, 20 2's, 12 3's, 11 4's, 4 5's.","We have: 3 0's, 13 1's, 11 2's, 11 3's, 5 4's, 3 5's.",Directed,105,,,1
"We have: 10 0's, 22 1's, 21 2's, 12 3's, 1 4, 10 5's.","We have: 3 0's, 12 1's, 12 2's, 11 3's, 5 5's.",Directed,106,,,14
"We have: 10 0's, 22 1's, 5 2's, 13 3's, 5 4's, 12 5's.","We have: 4 0's, 14 1's, 1 2, 11 3's, 4 4's, 5 5's.",Directed,107,,,12
"We have: 10 0's, 23 1's, 12 2's, 15 3's, 4 4's, 11 5's.","We have: 4 0's, 13 1's, 5 2's, 13 3's, 2 4's, 5 5's.",Directed,108,,,15
"We have: 10 0's, 23 1's, 14 2's, 11 3's, 11 4's, 10 5's.","We have: 3 0's, 11 1's, 12 2's, 5 3's, 5 4's, 5 5's.",Directed,109,,,8
"We have: 10 0's, 23 1's, 15 2's, 11 3's, 5 4's, 13 5's.","We have: 4 0's, 13 1's, 13 2's, 4 3's, 4 4's, 10 5's.",Directed,110,,,2
"We have: 10 0's, 24 1's, 11 2's, 14 3's, 5 4's, 11 5's.","We have: 4 0's, 13 1's, 5 2's, 13 3's, 2 4's, 5 5's.",Directed,111,,,3
"We have: 10 0's, 24 1's, 15 2's, 12 3's, 11 4's, 10 5's.","We have: 3 0's, 13 1's, 12 2's, 11 3's, 5 4's, 4 5's.",Directed,112,,,1
"We have: 10 0's, 25 1's, 11 2's, 13 3's, 10 4's, 12 5's.","We have: 3 0's, 14 1's, 4 2's, 11 3's, 5 4's, 10 5's.",Directed,113,,,16
"We have: 10 0's, 25 1's, 13 2's, 12 3's, 12 4's, 12 5's.","We have: 4 0's, 15 1's, 4 2's, 10 3's, 11 4's, 10 5's.",Directed,114,,,19
"We have: 10 0's, 25 1's, 15 2's, 11 3's, 4 4's, 13 5's.","We have: 4 0's, 15 1's, 13 2's, 5 3's, 2 4's, 10 5's.",Directed,115,,,2
"We have: 10 0's, 25 1's, 21 2's, 11 3's, 3 4's, 12 5's.","We have: 4 0's, 15 1's, 13 2's, 5 3's, 2 4's, 10 5's.",Directed,116,,,1
"We have: 10 0's, 30 1's, 12 2's, 14 3's, 5 4's, 11 5's.","We have: 3 0's, 20 1's, 10 2's, 12 3's, 3 4's, 5 5's.",Directed,117,,,6
"We have: 10 0's, 30 1's, 22 2's, 15 3's, 10 4's, 12 5's.","We have: 2 0's, 21 1's, 14 2's, 13 3's, 5 4's, 10 5's.",Directed,118,,,7
"We have: 10 0's, 30 1's, 32 2's, 15 3's, 20 4's, 12 5's.","We have: 2 0's, 22 1's, 24 2's, 12 3's, 15 4's, 10 5's.",Directed,119,,,4
"We have: 10 0's, 31 1's, 12 2's, 12 3's, 12 4's, 11 5's.","We have: 4 0's, 15 1's, 4 2's, 10 3's, 11 4's, 10 5's.",Directed,120,,,1
"We have: 10 0's, 31 1's, 22 2's, 15 3's, 10 4's, 13 5's.","We have: 3 0's, 21 1's, 15 2's, 12 3's, 5 4's, 11 5's.",Directed,121,,,2
"We have: 10 0's, 31 1's, 30 2's, 5 3's, 12 4's, 15 5's.","We have: 3 0's, 22 1's, 24 2's, 2 3's, 11 4's, 12 5's.",Directed,122,,,1
"We have: 10 0's, 32 1's, 15 2's, 23 3's, 13 4's, 13 5's.","We have: 4 0's, 23 1's, 12 2's, 14 3's, 12 4's, 11 5's.",Directed,123,,,4
"We have: 10 0's, 32 1's, 21 2's, 15 3's, 15 4's, 15 5's.","We have: 4 0's, 22 1's, 14 2's, 13 3's, 14 4's, 11 5's.",Directed,124,,,3
"We have: 10 0's, 32 1's, 22 2's, 21 3's, 13 4's, 12 5's.","We have: 4 0's, 23 1's, 12 2's, 14 3's, 12 4's, 11 5's.",Directed,125,,,1
"We have: 10 0's, 32 1's, 24 2's, 13 3's, 20 4's, 12 5's.","We have: 3 0's, 24 1's, 15 2's, 10 3's, 14 4's, 11 5's.",Directed,126,,,9
"We have: 10 0's, 32 1's, 31 2's, 10 3's, 12 4's, 13 5's.","We have: 3 0's, 22 1's, 24 2's, 2 3's, 11 4's, 12 5's.",Directed,127,,,10
"We have: 10 0's, 33 1's, 11 2's, 22 3's, 13 4's, 12 5's.","We have: 4 0's, 23 1's, 3 2's, 14 3's, 12 4's, 11 5's.",Directed,128,,,1
"We have: 10 0's, 33 1's, 13 2's, 23 3's, 13 4's, 12 5's.","We have: 4 0's, 24 1's, 10 2's, 13 3's, 12 4's, 11 5's.",Directed,129,,,4
"We have: 10 0's, 33 1's, 15 2's, 22 3's, 13 4's, 13 5's.","We have: 4 0's, 24 1's, 12 2's, 13 3's, 12 4's, 11 5's.",Directed,130,,,3
"We have: 10 0's, 33 1's, 35 2's, 24 3's, 23 4's, 15 5's.","We have: 4 0's, 30 1's, 32 2's, 15 3's, 21 4's, 12 5's.",Directed,131,,,2
"We have: 10 0's, 34 1's, 12 2's, 15 3's, 15 4's, 14 5's.","We have: 4 0's, 24 1's, 10 2's, 13 3's, 12 4's, 11 5's.",Directed,132,,,1
"We have: 10 0's, 34 1's, 13 2's, 23 3's, 13 4's, 13 5's.","We have: 4 0's, 25 1's, 11 2's, 13 3's, 11 4's, 12 5's.",Directed,133,,,7
"We have: 10 0's, 34 1's, 22 2's, 14 3's, 13 4's, 15 5's.","We have: 4 0's, 25 1's, 15 2's, 11 3's, 10 4's, 13 5's.",Directed,134,,,13
"We have: 10 0's, 34 1's, 25 2's, 23 3's, 13 4's, 15 5's.","We have: 4 0's, 30 1's, 22 2's, 15 3's, 11 4's, 12 5's.",Directed,135,,,1
"We have: 10 0's, 35 1's, 11 2's, 15 3's, 14 4's, 15 5's.","We have: 4 0's, 24 1's, 10 2's, 13 3's, 12 4's, 11 5's.",Directed,136,,,10
"We have: 10 0's, 35 1's, 13 2's, 21 3's, 13 4's, 14 5's.","We have: 4 0's, 25 1's, 11 2's, 13 3's, 11 4's, 12 5's.",Directed,137,,,6
"We have: 10 0's, 35 1's, 31 2's, 25 3's, 20 4's, 20 5's.","We have: 2 0's, 32 1's, 23 2's, 22 3's, 15 4's, 13 5's.",Directed,138,,,2
"We have: 10 0's, 35 1's, 33 2's, 22 3's, 15 4's, 21 5's.","We have: 4 0's, 31 1's, 25 2's, 14 3's, 14 4's, 14 5's.",Directed,139,,,4
"We have: 10 0's, 40 1's, 24 2's, 30 3's, 23 4's, 14 5's.","We have: 2 0's, 33 1's, 21 2's, 23 3's, 15 4's, 13 5's.",Directed,140,,,1
"We have: 10 0's, 41 1's, 32 2's, 21 3's, 23 4's, 13 5's.","We have: 4 0's, 32 1's, 24 2's, 13 3's, 21 4's, 12 5's.",Directed,141,,,3
"We have: 11 0's, 22 1's, 13 2's, 20 3's, 3 4's, 10 5's.","We have: 4 0's, 13 1's, 5 2's, 13 3's, 2 4's, 5 5's.",Directed,142,,,5
"We have: 11 0's, 24 1's, 12 2's, 14 3's, 13 4's, 4 5's.","We have: 10 0's, 14 1's, 5 2's, 12 3's, 5 4's, 3 5's.",Directed,143,,,2
"We have: 11 0's, 25 1's, 10 2's, 13 3's, 2 4's, 12 5's.","We have: 5 0's, 15 1's, 2 2's, 11 3's, 1 4, 10 5's.",Directed,144,,,3
"We have: 11 0's, 25 1's, 12 2's, 12 3's, 10 4's, 10 5's.","We have: 4 0's, 14 1's, 4 2's, 11 3's, 5 4's, 4 5's.",Directed,145,,,3
"We have: 11 0's, 25 1's, 20 2's, 12 3's, 10 4's, 15 5's.","We have: 4 0's, 15 1's, 12 2's, 11 3's, 5 4's, 12 5's.",Directed,146,,,16
"We have: 11 0's, 30 1's, 1 2, 14 3's, 3 4's, 11 5's.","We have: 5 0's, 15 1's, 11 3's, 1 4, 10 5's.",Directed,147,,,2
"We have: 11 0's, 30 1's, 10 2's, 14 3's, 5 4's, 11 5's.","We have: 4 0's, 15 1's, 5 2's, 12 3's, 3 4's, 5 5's.",Directed,148,,,1
"We have: 11 0's, 30 1's, 14 2's, 10 3's, 11 4's, 12 5's.","We have: 4 0's, 14 1's, 12 2's, 4 3's, 5 4's, 11 5's.",Directed,149,,,11
"We have: 11 0's, 30 1's, 14 2's, 12 3's, 12 4's, 14 5's.","We have: 5 0's, 15 1's, 11 2's, 10 3's, 5 4's, 13 5's.",Directed,150,,,1
"We have: 11 0's, 30 1's, 21 2's, 15 3's, 15 5's.","We have: 5 0's, 20 1's, 15 2's, 13 3's, 12 5's.",Directed,151,,,9
"We have: 11 0's, 30 1's, 22 2's, 15 3's, 1 4, 15 5's.","We have: 5 0's, 20 1's, 15 2's, 13 3's, 12 5's.",Directed,152,,,2
"We have: 11 0's, 31 1's, 20 2's, 20 3's, 10 4's, 11 5's.","We have: 3 0's, 20 1's, 13 2's, 14 3's, 5 4's, 10 5's.",Directed,153,,,13
"We have: 11 0's, 32 1's, 11 2's, 13 3's, 11 4's, 4 5's.","We have: 10 0's, 20 1's, 5 2's, 10 3's, 5 4's, 3 5's.",Directed,154,,,1
"We have: 11 0's, 32 1's, 12 2's, 12 3's, 11 4's, 11 5's.","We have: 10 0's, 15 1's, 4 2's, 10 3's, 10 4's, 10 5's.",Directed,155,,,1
"We have: 11 0's, 32 1's, 15 2's, 20 3's, 11 4's, 14 5's.","We have: 5 0's, 21 1's, 12 2's, 14 3's, 5 4's, 12 5's.",Directed,156,,,4
"We have: 11 0's, 32 1's, 21 2's, 22 3's, 5 4's, 13 5's.","We have: 10 0's, 23 1's, 12 2's, 15 3's, 4 4's, 11 5's.",Directed,157,,,7
"We have: 11 0's, 32 1's, 22 2's, 14 3's, 11 4's, 12 5's.","We have: 10 0's, 21 1's, 13 2's, 12 3's, 5 4's, 11 5's.",Directed,158,,,3
"We have: 11 0's, 33 1's, 20 2's, 20 3's, 14 4's, 12 5's.","We have: 4 0's, 24 1's, 12 2's, 13 3's, 12 4's, 11 5's.",Directed,159,,,2
"We have: 11 0's, 33 1's, 20 2's, 22 3's, 12 4's, 15 5's.","We have: 5 0's, 24 1's, 11 2's, 15 3's, 11 4's, 13 5's.",Directed,160,,,5
"We have: 11 0's, 33 1's, 20 2's, 22 3's, 13 4's, 12 5's.","We have: 5 0's, 24 1's, 11 2's, 14 3's, 12 4's, 11 5's.",Directed,161,,,2
"We have: 11 0's, 33 1's, 24 2's, 20 3's, 13 4's, 11 5's.","We have: 5 0's, 23 1's, 21 2's, 12 3's, 11 4's, 10 5's.",Directed,162,,,1
"We have: 11 0's, 33 1's, 25 2's, 23 3's, 12 4's, 20 5's.","We have: 5 0's, 25 1's, 20 2's, 15 3's, 11 4's, 14 5's.",Directed,163,,,1
"We have: 11 0's, 34 1's, 11 2's, 12 3's, 10 4's, 11 5's.","We have: 5 0's, 21 1's, 5 2's, 10 3's, 4 4's, 10 5's.",Directed,164,,,9
"We have: 11 0's, 34 1's, 11 2's, 15 3's, 12 4's, 14 5's.","We have: 10 0's, 22 1's, 5 2's, 13 3's, 5 4's, 12 5's.",Directed,165,,,1
"We have: 11 0's, 34 1's, 14 2's, 15 3's, 20 4's, 15 5's.","We have: 5 0's, 24 1's, 12 2's, 13 3's, 13 4's, 12 5's.",Directed,166,,,12
"We have: 11 0's, 34 1's, 14 2's, 20 3's, 15 4's, 13 5's.","We have: 5 0's, 24 1's, 12 2's, 13 3's, 12 4's, 11 5's.",Directed,167,,,8
"We have: 11 0's, 34 1's, 15 2's, 15 3's, 13 4's, 13 5's.","We have: 10 0's, 23 1's, 14 2's, 11 3's, 11 4's, 10 5's.",Directed,168,,,7
"We have: 11 0's, 34 1's, 15 2's, 20 3's, 14 4's, 13 5's.","We have: 5 0's, 24 1's, 13 2's, 13 3's, 11 4's, 11 5's.",Directed,169,,,1
"We have: 11 0's, 34 1's, 20 2's, 14 3's, 15 4's, 13 5's.","We have: 5 0's, 24 1's, 14 2's, 11 3's, 12 4's, 11 5's.",Directed,170,,,1
"We have: 11 0's, 34 1's, 21 2's, 14 3's, 13 4's, 14 5's.","We have: 10 0's, 23 1's, 15 2's, 11 3's, 5 4's, 13 5's.",Directed,171,,,1
"We have: 11 0's, 34 1's, 21 2's, 20 3's, 13 4's, 12 5's.","We have: 5 0's, 24 1's, 13 2's, 13 3's, 11 4's, 11 5's.",Directed,172,,,1
"We have: 11 0's, 34 1's, 24 2's, 22 3's, 13 4's, 20 5's.","We have: 5 0's, 30 1's, 15 2's, 15 3's, 10 4's, 15 5's.",Directed,173,,,8
"We have: 11 0's, 34 1's, 35 2's, 23 3's, 24 4's, 14 5's.","We have: 10 0's, 30 1's, 32 2's, 15 3's, 20 4's, 12 5's.",Directed,174,,,1
"We have: 11 0's, 35 1's, 11 2's, 10 3's, 11 4's, 11 5's.","We have: 5 0's, 21 1's, 10 2's, 4 3's, 10 4's, 5 5's.",Directed,175,,,1
"We have: 11 0's, 35 1's, 13 2's, 20 3's, 14 4's, 14 5's.","We have: 5 0's, 25 1's, 11 2's, 13 3's, 11 4's, 12 5's.",Directed,176,,,1
"We have: 11 0's, 35 1's, 45 2's, 30 3's, 25 4's, 23 5's.","We have: 5 0's, 32 1's, 42 2's, 22 3's, 23 4's, 15 5's.",Directed,177,,,1
"We have: 11 0's, 40 1's, 13 2's, 21 3's, 13 4's, 13 5's.","We have: 5 0's, 25 1's, 11 2's, 13 3's, 11 4's, 12 5's.",Directed,178,,,4
"We have: 11 0's, 40 1's, 25 2's, 22 3's, 15 4's, 22 5's.","We have: 5 0's, 32 1's, 15 2's, 21 3's, 13 4's, 15 5's.",Directed,179,,,9
"We have: 11 0's, 40 1's, 32 2's, 20 3's, 24 4's, 13 5's.","We have: 4 0's, 32 1's, 24 2's, 13 3's, 21 4's, 12 5's.",Directed,180,,,6
"We have: 11 0's, 41 1's, 13 2's, 15 3's, 12 4's, 15 5's.","We have: 10 0's, 25 1's, 11 2's, 13 3's, 10 4's, 12 5's.",Directed,181,,,4
"We have: 11 0's, 41 1's, 22 2's, 13 3's, 11 4's, 14 5's.","We have: 10 0's, 25 1's, 15 2's, 11 3's, 4 4's, 13 5's.",Directed,182,,,1
"We have: 11 0's, 41 1's, 22 2's, 24 3's, 20 4's, 15 5's.","We have: 5 0's, 32 1's, 13 2's, 23 3's, 13 4's, 13 5's.",Directed,183,,,3
"We have: 11 0's, 41 1's, 24 2's, 24 3's, 22 4's, 14 5's.","We have: 10 0's, 32 1's, 15 2's, 23 3's, 13 4's, 13 5's.",Directed,184,,,2
"We have: 11 0's, 41 1's, 25 2's, 21 3's, 13 4's, 14 5's.","We have: 10 0's, 30 1's, 22 2's, 15 3's, 10 4's, 12 5's.",Directed,185,,,4
"We have: 11 0's, 42 1's, 31 2's, 15 3's, 24 4's, 14 5's.","We have: 10 0's, 32 1's, 24 2's, 13 3's, 20 4's, 12 5's.",Directed,186,,,1
"We have: 11 0's, 42 1's, 43 2's, 24 3's, 24 4's, 22 5's.","We have: 10 0's, 35 1's, 33 2's, 22 3's, 15 4's, 21 5's.",Directed,187,,,2
"We have: 11 0's, 42 1's, 43 2's, 25 3's, 22 4's, 23 5's.","We have: 10 0's, 35 1's, 33 2's, 22 3's, 15 4's, 21 5's.",Directed,188,,,1
"We have: 11 0's, 43 1's, 13 2's, 20 3's, 14 4's, 11 5's.","We have: 5 0's, 32 1's, 11 2's, 13 3's, 11 4's, 10 5's.",Directed,189,,,3
"We have: 11 0's, 43 1's, 15 2's, 30 3's, 15 4's, 21 5's.","We have: 5 0's, 33 1's, 13 2's, 23 3's, 13 4's, 14 5's.",Directed,190,,,7
"We have: 11 0's, 44 1's, 21 2's, 24 3's, 21 4's, 15 5's.","We have: 10 0's, 34 1's, 13 2's, 23 3's, 13 4's, 13 5's.",Directed,191,,,3
"We have: 11 0's, 44 1's, 30 2's, 35 3's, 30 4's, 20 5's.","We have: 3 0's, 41 1's, 24 2's, 31 3's, 23 4's, 14 5's.",Directed,192,,,1
"We have: 11 0's, 45 1's, 21 2's, 23 3's, 15 4's, 21 5's.","We have: 10 0's, 35 1's, 13 2's, 21 3's, 13 4's, 14 5's.",Directed,193,,,5
"We have: 12 0's, 20 1's, 24 2's, 14 3's, 13 4's, 5 5's.","We have: 10 0's, 12 1's, 20 2's, 12 3's, 10 4's, 3 5's.",Directed,194,,,2
"We have: 12 0's, 21 1's, 20 2's, 10 3's, 10 4's, 10 5's.","We have: 3 0's, 11 1's, 12 2's, 5 3's, 5 4's, 5 5's.",Directed,195,,,5
"We have: 12 0's, 25 1's, 14 2's, 12 3's, 10 4's, 12 5's.","We have: 10 0's, 15 1's, 5 2's, 11 3's, 4 4's, 10 5's.",Directed,196,,,12
"We have: 12 0's, 25 1's, 15 2's, 11 3's, 10 4's, 20 5's.","We have: 5 0's, 15 1's, 11 2's, 10 3's, 5 4's, 13 5's.",Directed,197,,,2
"We have: 12 0's, 30 1's, 12 2's, 13 3's, 11 4's, 4 5's.","We have: 10 0's, 20 1's, 5 2's, 10 3's, 5 4's, 3 5's.",Directed,198,,,10
"We have: 12 0's, 30 1's, 22 2's, 22 3's, 5 4's, 13 5's.","We have: 10 0's, 23 1's, 12 2's, 15 3's, 4 4's, 11 5's.",Directed,199,,,2
"We have: 12 0's, 30 1's, 25 2's, 14 3's, 4 4's, 12 5's.","We have: 10 0's, 22 1's, 21 2's, 12 3's, 1 4, 10 5's.",Directed,200,,,4
"We have: 12 0's, 30 1's, 25 2's, 15 3's, 2 4's, 13 5's.","We have: 10 0's, 22 1's, 21 2's, 12 3's, 1 4, 10 5's.",Directed,201,,,4
"We have: 12 0's, 30 1's, 30 2's, 20 3's, 10 4's, 13 5's.","We have: 3 0's, 22 1's, 23 2's, 12 3's, 5 4's, 12 5's.",Directed,202,,,1
"We have: 12 0's, 30 1's, 30 2's, 22 3's, 15 4's, 12 5's.","We have: 5 0's, 22 1's, 21 2's, 15 3's, 14 4's, 10 5's.",Directed,203,,,3
"We have: 12 0's, 31 1's, 11 2's, 13 3's, 10 4's, 5 5's.","We have: 10 0's, 20 1's, 5 2's, 10 3's, 5 4's, 3 5's.",Directed,204,,,1
"We have: 12 0's, 31 1's, 15 2's, 20 3's, 10 4's, 15 5's.","We have: 5 0's, 21 1's, 12 2's, 14 3's, 5 4's, 12 5's.",Directed,205,,,1
"We have: 12 0's, 31 1's, 20 2's, 15 3's, 10 4's, 13 5's.","We have: 5 0's, 21 1's, 13 2's, 12 3's, 5 4's, 11 5's.",Directed,206,,,3
"We have: 12 0's, 31 1's, 20 2's, 21 3's, 10 4's, 13 5's.","We have: 5 0's, 21 1's, 12 2's, 14 3's, 5 4's, 12 5's.",Directed,207,,,1
"We have: 12 0's, 31 1's, 20 2's, 23 3's, 5 4's, 13 5's.","We have: 10 0's, 23 1's, 12 2's, 15 3's, 4 4's, 11 5's.",Directed,208,,,5
"We have: 12 0's, 32 1's, 13 2's, 21 3's, 10 4's, 13 5's.","We have: 10 0's, 22 1's, 5 2's, 13 3's, 5 4's, 12 5's.",Directed,209,,,10
"We have: 12 0's, 33 1's, 13 2's, 23 3's, 4 4's, 13 5's.","We have: 11 0's, 25 1's, 10 2's, 13 3's, 2 4's, 12 5's.",Directed,210,,,2
"We have: 12 0's, 33 1's, 15 2's, 22 3's, 10 4's, 13 5's.","We have: 10 0's, 24 1's, 11 2's, 14 3's, 5 4's, 11 5's.",Directed,211,,,2
"We have: 12 0's, 33 1's, 22 2's, 20 3's, 14 4's, 13 5's.","We have: 10 0's, 25 1's, 13 2's, 12 3's, 12 4's, 12 5's.",Directed,212,,,9
"We have: 12 0's, 33 1's, 4 2's, 23 3's, 5 4's, 13 5's.","We have: 11 0's, 30 1's, 1 2, 14 3's, 3 4's, 11 5's.",Directed,213,,,1
"We have: 12 0's, 33 1's, 40 2's, 24 3's, 23 4's, 13 5's.","We have: 10 0's, 30 1's, 32 2's, 15 3's, 20 4's, 12 5's.",Directed,214,,,2
"We have: 12 0's, 34 1's, 14 2's, 20 3's, 14 4's, 13 5's.","We have: 10 0's, 25 1's, 11 2's, 13 3's, 10 4's, 12 5's.",Directed,215,,,11
"We have: 12 0's, 34 1's, 20 2's, 14 3's, 15 4's, 15 5's.","We have: 10 0's, 25 1's, 13 2's, 12 3's, 12 4's, 12 5's.",Directed,216,,,9
"We have: 12 0's, 34 1's, 24 2's, 15 3's, 13 4's, 21 5's.","We have: 11 0's, 25 1's, 20 2's, 12 3's, 10 4's, 15 5's.",Directed,217,,,15
"We have: 12 0's, 35 1's, 20 2's, 24 3's, 15 4's, 20 5's.","We have: 5 0's, 32 1's, 11 2's, 22 3's, 13 4's, 13 5's.",Directed,218,,,1
"We have: 12 0's, 35 1's, 21 2's, 14 3's, 12 4's, 12 5's.","We have: 11 0's, 25 1's, 12 2's, 12 3's, 10 4's, 10 5's.",Directed,219,,,1
"We have: 12 0's, 35 1's, 22 2's, 13 3's, 14 4's, 14 5's.","We have: 11 0's, 30 1's, 14 2's, 10 3's, 11 4's, 12 5's.",Directed,220,,,4
"We have: 12 0's, 35 1's, 24 2's, 24 3's, 13 4's, 13 5's.","We have: 11 0's, 31 1's, 20 2's, 20 3's, 10 4's, 11 5's.",Directed,221,,,7
"We have: 12 0's, 35 1's, 25 2's, 23 3's, 12 4's, 14 5's.","We have: 11 0's, 31 1's, 20 2's, 20 3's, 10 4's, 11 5's.",Directed,222,,,5
"We have: 12 0's, 35 1's, 30 2's, 22 3's, 11 4's, 15 5's.","We have: 10 0's, 30 1's, 22 2's, 15 3's, 10 4's, 12 5's.",Directed,223,,,2
"We have: 12 0's, 35 1's, 32 2's, 22 3's, 20 4's, 21 5's.","We have: 10 0's, 32 1's, 21 2's, 15 3's, 15 4's, 15 5's.",Directed,224,,,2
"We have: 12 0's, 40 1's, 15 2's, 15 3's, 12 4's, 14 5's.","We have: 10 0's, 30 1's, 12 2's, 14 3's, 5 4's, 11 5's.",Directed,225,,,3
"We have: 12 0's, 40 1's, 24 2's, 24 3's, 21 4's, 15 5's.","We have: 10 0's, 32 1's, 15 2's, 23 3's, 13 4's, 13 5's.",Directed,226,,,1
"We have: 12 0's, 40 1's, 32 2's, 15 3's, 24 4's, 14 5's.","We have: 10 0's, 32 1's, 24 2's, 13 3's, 20 4's, 12 5's.",Directed,227,,,2
"We have: 12 0's, 40 1's, 33 2's, 21 3's, 22 4's, 13 5's.","We have: 10 0's, 32 1's, 24 2's, 13 3's, 20 4's, 12 5's.",Directed,228,,,5
"We have: 12 0's, 41 1's, 15 2's, 20 3's, 11 4's, 13 5's.","We have: 10 0's, 30 1's, 12 2's, 14 3's, 5 4's, 11 5's.",Directed,229,,,2
"We have: 12 0's, 41 1's, 21 2's, 13 3's, 14 4's, 13 5's.","We have: 11 0's, 30 1's, 14 2's, 10 3's, 11 4's, 12 5's.",Directed,230,,,1
"We have: 12 0's, 41 1's, 24 2's, 22 3's, 20 4's, 20 5's.","We have: 5 0's, 34 1's, 13 2's, 21 3's, 13 4's, 15 5's.",Directed,231,,,1
"We have: 12 0's, 41 1's, 30 2's, 21 3's, 12 4's, 15 5's.","We have: 10 0's, 31 1's, 22 2's, 15 3's, 10 4's, 13 5's.",Directed,232,,,1
"We have: 12 0's, 41 1's, 34 2's, 13 3's, 20 4's, 14 5's.","We have: 10 0's, 32 1's, 31 2's, 10 3's, 12 4's, 13 5's.",Directed,233,,,6
"We have: 12 0's, 42 1's, 24 2's, 21 3's, 24 4's, 14 5's.","We have: 11 0's, 34 1's, 14 2's, 20 3's, 15 4's, 13 5's.",Directed,234,,,7
"We have: 12 0's, 42 1's, 32 2's, 20 3's, 15 4's, 21 5's.","We have: 10 0's, 34 1's, 22 2's, 14 3's, 13 4's, 15 5's.",Directed,235,,,7
"We have: 12 0's, 42 1's, 34 2's, 24 3's, 21 4's, 21 5's.","We have: 11 0's, 34 1's, 24 2's, 22 3's, 13 4's, 20 5's.",Directed,236,,,4
"We have: 12 0's, 42 1's, 35 2's, 24 3's, 24 4's, 24 5's.","We have: 11 0's, 40 1's, 25 2's, 22 3's, 15 4's, 22 5's.",Directed,237,,,4
"We have: 12 0's, 42 1's, 40 2's, 33 3's, 23 4's, 21 5's.","We have: 10 0's, 35 1's, 31 2's, 25 3's, 20 4's, 20 5's.",Directed,238,,,1
"We have: 12 0's, 43 1's, 24 2's, 21 3's, 21 4's, 14 5's.","We have: 11 0's, 34 1's, 15 2's, 15 3's, 13 4's, 13 5's.",Directed,239,,,4
"We have: 12 0's, 43 1's, 30 2's, 21 3's, 15 4's, 21 5's.","We have: 10 0's, 34 1's, 22 2's, 14 3's, 13 4's, 15 5's.",Directed,240,,,5
"We have: 12 0's, 43 1's, 33 2's, 33 3's, 21 4's, 23 5's.","We have: 11 0's, 40 1's, 25 2's, 22 3's, 15 4's, 22 5's.",Directed,241,,,2
"We have: 12 0's, 43 1's, 34 2's, 31 3's, 22 4's, 23 5's.","We have: 11 0's, 40 1's, 25 2's, 22 3's, 15 4's, 22 5's.",Directed,242,,,2
"We have: 12 0's, 44 1's, 13 2's, 15 3's, 14 4's, 13 5's.","We have: 11 0's, 34 1's, 11 2's, 12 3's, 10 4's, 11 5's.",Directed,243,,,1
"We have: 12 0's, 44 1's, 41 2's, 22 3's, 32 4's, 15 5's.","We have: 11 0's, 40 1's, 32 2's, 20 3's, 24 4's, 13 5's.",Directed,244,,,1
"We have: 12 0's, 45 1's, 24 2's, 34 3's, 23 4's, 23 5's.","We have: 11 0's, 43 1's, 15 2's, 30 3's, 15 4's, 21 5's.",Directed,245,,,1
"We have: 12 0's, 45 1's, 25 2's, 33 3's, 22 4's, 24 5's.","We have: 11 0's, 43 1's, 15 2's, 30 3's, 15 4's, 21 5's.",Directed,246,,,2
"We have: 12 0's, 45 1's, 32 2's, 31 3's, 22 4's, 21 5's.","We have: 11 0's, 41 1's, 22 2's, 24 3's, 20 4's, 15 5's.",Directed,247,,,1
"We have: 12 0's, 51 1's, 25 2's, 32 3's, 21 4's, 24 5's.","We have: 11 0's, 43 1's, 15 2's, 30 3's, 15 4's, 21 5's.",Directed,248,,,3
"We have: 12 0's, 52 1's, 32 2's, 25 3's, 21 4's, 24 5's.","We have: 11 0's, 45 1's, 21 2's, 23 3's, 15 4's, 21 5's.",Directed,249,,,2
"We have: 12 0's, 52 1's, 32 2's, 31 3's, 22 4's, 21 5's.","We have: 11 0's, 44 1's, 21 2's, 24 3's, 21 4's, 15 5's.",Directed,250,,,2
"We have: 13 0's, 20 1's, 10 2's, 20 3's, 3 4's, 10 5's.","We have: 4 0's, 12 1's, 3 2's, 13 3's, 2 4's, 5 5's.",Directed,251,,,1
"We have: 13 0's, 23 1's, 20 2's, 20 3's, 10 4's, 15 5's.","We have: 5 0's, 15 1's, 12 2's, 13 3's, 5 4's, 13 5's.",Directed,252,,,1
"We have: 13 0's, 25 1's, 20 2's, 20 3's, 10 4's, 15 5's.","We have: 5 0's, 21 1's, 12 2's, 14 3's, 5 4's, 12 5's.",Directed,253,,,1
"We have: 13 0's, 30 1's, 15 2's, 20 3's, 10 4's, 13 5's.","We have: 5 0's, 21 1's, 13 2's, 12 3's, 5 4's, 11 5's.",Directed,254,,,1
"We have: 13 0's, 30 1's, 15 2's, 24 3's, 5 4's, 13 5's.","We have: 11 0's, 22 1's, 13 2's, 20 3's, 3 4's, 10 5's.",Directed,255,,,4
"We have: 13 0's, 30 1's, 24 2's, 20 3's, 3 4's, 11 5's.","We have: 10 0's, 22 1's, 21 2's, 12 3's, 1 4, 10 5's.",Directed,256,,,5
"We have: 13 0's, 30 1's, 30 2's, 22 3's, 15 4's, 11 5's.","We have: 10 0's, 21 1's, 23 2's, 14 3's, 14 4's, 5 5's.",Directed,257,,,5
"We have: 13 0's, 31 1's, 10 2's, 14 3's, 10 4's, 11 5's.","We have: 10 0's, 15 1's, 5 2's, 11 3's, 4 4's, 10 5's.",Directed,258,,,1
"We have: 13 0's, 31 1's, 15 2's, 20 3's, 10 4's, 13 5's.","We have: 10 0's, 21 1's, 13 2's, 12 3's, 5 4's, 11 5's.",Directed,259,,,2
"We have: 13 0's, 33 1's, 14 2's, 23 3's, 15 4's, 10 5's.","We have: 11 0's, 24 1's, 12 2's, 14 3's, 13 4's, 4 5's.",Directed,260,,,1
"We have: 13 0's, 33 1's, 24 2's, 15 3's, 12 4's, 22 5's.","We have: 12 0's, 25 1's, 15 2's, 11 3's, 10 4's, 20 5's.",Directed,261,,,1
"We have: 13 0's, 34 1's, 20 2's, 15 3's, 12 4's, 12 5's.","We have: 11 0's, 25 1's, 12 2's, 12 3's, 10 4's, 10 5's.",Directed,262,,,1
"We have: 13 0's, 34 1's, 22 2's, 15 3's, 12 4's, 15 5's.","We have: 12 0's, 25 1's, 14 2's, 12 3's, 10 4's, 12 5's.",Directed,263,,,1
"We have: 13 0's, 35 1's, 20 2's, 14 3's, 13 4's, 15 5's.","We have: 11 0's, 30 1's, 14 2's, 10 3's, 11 4's, 12 5's.",Directed,264,,,2
"We have: 13 0's, 35 1's, 23 2's, 24 3's, 14 4's, 20 5's.","We have: 11 0's, 32 1's, 15 2's, 20 3's, 11 4's, 14 5's.",Directed,265,,,3
"We have: 13 0's, 40 1's, 13 2's, 30 3's, 20 4's, 14 5's.","We have: 5 0's, 32 1's, 11 2's, 22 3's, 13 4's, 13 5's.",Directed,266,,,4
"We have: 13 0's, 40 1's, 15 2's, 13 3's, 14 4's, 15 5's.","We have: 11 0's, 30 1's, 14 2's, 10 3's, 11 4's, 12 5's.",Directed,267,,,1
"We have: 13 0's, 40 1's, 15 2's, 30 3's, 15 4's, 20 5's.","We have: 5 0's, 32 1's, 13 2's, 23 3's, 13 4's, 13 5's.",Directed,268,,,5
"We have: 13 0's, 40 1's, 22 2's, 25 3's, 20 4's, 14 5's.","We have: 10 0's, 33 1's, 13 2's, 23 3's, 13 4's, 12 5's.",Directed,269,,,2
"We have: 13 0's, 40 1's, 23 2's, 25 3's, 15 4's, 20 5's.","We have: 10 0's, 33 1's, 15 2's, 22 3's, 13 4's, 13 5's.",Directed,270,,,2
"We have: 13 0's, 40 1's, 24 2's, 24 3's, 14 4's, 15 5's.","We have: 11 0's, 32 1's, 21 2's, 22 3's, 5 4's, 13 5's.",Directed,271,,,5
"We have: 13 0's, 40 1's, 25 2's, 24 3's, 15 4's, 22 5's.","We have: 11 0's, 33 1's, 20 2's, 22 3's, 12 4's, 15 5's.",Directed,272,,,4
"We have: 13 0's, 40 1's, 33 2's, 14 3's, 20 4's, 14 5's.","We have: 10 0's, 32 1's, 31 2's, 10 3's, 12 4's, 13 5's.",Directed,273,,,3
"We have: 13 0's, 41 1's, 20 2's, 30 3's, 15 4's, 20 5's.","We have: 5 0's, 33 1's, 13 2's, 23 3's, 13 4's, 14 5's.",Directed,274,,,4
"We have: 13 0's, 41 1's, 23 2's, 31 3's, 12 4's, 14 5's.","We have: 12 0's, 31 1's, 20 2's, 23 3's, 5 4's, 13 5's.",Directed,275,,,1
"We have: 13 0's, 41 1's, 24 2's, 22 3's, 23 4's, 20 5's.","We have: 11 0's, 34 1's, 14 2's, 15 3's, 20 4's, 15 5's.",Directed,276,,,4
"We have: 13 0's, 41 1's, 25 2's, 20 3's, 14 4's, 15 5's.","We have: 11 0's, 32 1's, 22 2's, 14 3's, 11 4's, 12 5's.",Directed,277,,,2
"We have: 13 0's, 41 1's, 25 2's, 22 3's, 20 4's, 15 5's.","We have: 11 0's, 33 1's, 20 2's, 20 3's, 14 4's, 12 5's.",Directed,278,,,1
"We have: 13 0's, 41 1's, 41 2's, 33 3's, 30 4's, 20 5's.","We have: 10 0's, 33 1's, 35 2's, 24 3's, 23 4's, 15 5's.",Directed,279,,,1
"We have: 13 0's, 42 1's, 21 2's, 30 3's, 20 4's, 14 5's.","We have: 10 0's, 34 1's, 13 2's, 23 3's, 13 4's, 13 5's.",Directed,280,,,3
"We have: 13 0's, 42 1's, 22 2's, 21 3's, 20 4's, 20 5's.","We have: 10 0's, 35 1's, 11 2's, 15 3's, 14 4's, 15 5's.",Directed,281,,,3
"We have: 13 0's, 42 1's, 24 2's, 21 3's, 20 4's, 15 5's.","We have: 11 0's, 34 1's, 15 2's, 15 3's, 13 4's, 13 5's.",Directed,282,,,1
"We have: 13 0's, 42 1's, 24 2's, 22 3's, 21 4's, 15 5's.","We have: 12 0's, 34 1's, 14 2's, 20 3's, 14 4's, 13 5's.",Directed,283,,,7
"We have: 13 0's, 42 1's, 35 2's, 25 3's, 14 4's, 22 5's.","We have: 12 0's, 35 1's, 30 2's, 22 3's, 11 4's, 15 5's.",Directed,284,,,1
"We have: 13 0's, 42 1's, 41 2's, 25 3's, 24 4's, 23 5's.","We have: 12 0's, 35 1's, 32 2's, 22 3's, 20 4's, 21 5's.",Directed,285,,,1
"We have: 13 0's, 43 1's, 14 2's, 20 3's, 13 4's, 12 5's.","We have: 11 0's, 34 1's, 11 2's, 12 3's, 10 4's, 11 5's.",Directed,286,,,7
"We have: 13 0's, 43 1's, 21 2's, 31 3's, 13 4's, 14 5's.","We have: 12 0's, 33 1's, 15 2's, 22 3's, 10 4's, 13 5's.",Directed,287,,,1
"We have: 13 0's, 43 1's, 22 2's, 24 3's, 20 4's, 15 5's.","We have: 11 0's, 40 1's, 13 2's, 21 3's, 13 4's, 13 5's.",Directed,288,,,3
"We have: 13 0's, 43 1's, 25 2's, 21 3's, 21 4's, 21 5's.","We have: 12 0's, 34 1's, 20 2's, 14 3's, 15 4's, 15 5's.",Directed,289,,,8
"We have: 13 0's, 43 1's, 34 2's, 30 3's, 32 4's, 14 5's.","We have: 11 0's, 40 1's, 32 2's, 20 3's, 24 4's, 13 5's.",Directed,290,,,1
"We have: 13 0's, 43 1's, 35 2's, 30 3's, 25 4's, 20 5's.","We have: 10 0's, 41 1's, 32 2's, 21 3's, 23 4's, 13 5's.",Directed,291,,,2
"We have: 13 0's, 44 1's, 31 2's, 32 3's, 21 4's, 14 5's.","We have: 12 0's, 35 1's, 24 2's, 24 3's, 13 4's, 13 5's.",Directed,292,,,2
"We have: 13 0's, 44 1's, 31 2's, 33 3's, 25 4's, 20 5's.","We have: 11 0's, 41 1's, 24 2's, 24 3's, 22 4's, 14 5's.",Directed,293,,,1
"We have: 13 0's, 44 1's, 33 2's, 30 3's, 31 4's, 15 5's.","We have: 11 0's, 40 1's, 32 2's, 20 3's, 24 4's, 13 5's.",Directed,294,,,3
"We have: 13 0's, 44 1's, 42 2's, 23 3's, 24 4's, 22 5's.","We have: 12 0's, 42 1's, 32 2's, 20 3's, 15 4's, 21 5's.",Directed,295,,,3
"We have: 13 0's, 44 1's, 42 2's, 33 3's, 25 4's, 23 5's.","We have: 12 0's, 42 1's, 34 2's, 24 3's, 21 4's, 21 5's.",Directed,296,,,1
"We have: 13 0's, 44 1's, 50 2's, 33 3's, 32 4's, 24 5's.","We have: 11 0's, 42 1's, 43 2's, 24 3's, 24 4's, 22 5's.",Directed,297,,,1
"We have: 13 0's, 45 1's, 34 2's, 25 3's, 23 4's, 24 5's.","We have: 12 0's, 43 1's, 30 2's, 21 3's, 15 4's, 21 5's.",Directed,298,,,1
"We have: 13 0's, 45 1's, 35 2's, 24 3's, 22 4's, 25 5's.","We have: 12 0's, 43 1's, 30 2's, 21 3's, 15 4's, 21 5's.",Directed,299,,,1
"We have: 13 0's, 45 1's, 42 2's, 15 3's, 24 4's, 21 5's.","We have: 12 0's, 41 1's, 34 2's, 13 3's, 20 4's, 14 5's.",Directed,300,,,2
"We have: 13 0's, 45 1's, 42 2's, 31 3's, 25 4's, 24 5's.","We have: 12 0's, 42 1's, 34 2's, 24 3's, 21 4's, 21 5's.",Directed,301,,,1
"We have: 13 0's, 50 1's, 21 2's, 23 3's, 13 4's, 21 5's.","We have: 11 0's, 41 1's, 13 2's, 15 3's, 12 4's, 15 5's.",Directed,302,,,1
"We have: 13 0's, 50 1's, 22 2's, 21 3's, 14 4's, 21 5's.","We have: 11 0's, 41 1's, 13 2's, 15 3's, 12 4's, 15 5's.",Directed,303,,,2
"We have: 13 0's, 51 1's, 33 2's, 25 3's, 22 4's, 21 5's.","We have: 12 0's, 43 1's, 24 2's, 21 3's, 21 4's, 14 5's.",Directed,304,,,3
"We have: 13 0's, 54 1's, 31 2's, 41 3's, 25 4's, 31 5's.","We have: 12 0's, 45 1's, 25 2's, 33 3's, 22 4's, 24 5's.",Directed,305,,,1
"We have: 13 0's, 54 1's, 35 2's, 35 3's, 23 4's, 32 5's.","We have: 12 0's, 52 1's, 32 2's, 25 3's, 21 4's, 24 5's.",Directed,306,,,1
"We have: 13 0's, 55 1's, 32 2's, 41 3's, 23 4's, 31 5's.","We have: 12 0's, 51 1's, 25 2's, 32 3's, 21 4's, 24 5's.",Directed,307,,,1
"We have: 14 0's, 24 1's, 30 2's, 23 3's, 20 4's, 10 5's.","We have: 10 0's, 21 1's, 22 2's, 20 3's, 13 4's, 5 5's.",Directed,308,,,2
"We have: 14 0's, 30 1's, 25 2's, 12 3's, 12 4's, 12 5's.","We have: 12 0's, 21 1's, 20 2's, 10 3's, 10 4's, 10 5's.",Directed,309,,,4
"We have: 14 0's, 31 1's, 30 2's, 21 3's, 15 4's, 11 5's.","We have: 12 0's, 20 1's, 24 2's, 14 3's, 13 4's, 5 5's.",Directed,310,,,1
"We have: 14 0's, 32 1's, 30 2's, 23 3's, 2 4's, 20 5's.","We have: 11 0's, 30 1's, 21 2's, 15 3's, 15 5's.",Directed,311,,,8
"We have: 14 0's, 32 1's, 30 2's, 23 3's, 4 4's, 20 5's.","We have: 11 0's, 30 1's, 22 2's, 15 3's, 1 4, 15 5's.",Directed,312,,,1
"We have: 14 0's, 34 1's, 20 2's, 14 3's, 15 4's, 14 5's.","We have: 12 0's, 25 1's, 14 2's, 12 3's, 10 4's, 12 5's.",Directed,313,,,1
"We have: 14 0's, 34 1's, 20 2's, 15 3's, 13 4's, 15 5's.","We have: 12 0's, 25 1's, 14 2's, 12 3's, 10 4's, 12 5's.",Directed,314,,,6
"We have: 14 0's, 34 1's, 21 2's, 20 3's, 13 4's, 13 5's.","We have: 12 0's, 25 1's, 14 2's, 12 3's, 10 4's, 12 5's.",Directed,315,,,3
"We have: 14 0's, 34 1's, 22 2's, 33 3's, 13 4's, 14 5's.","We have: 13 0's, 30 1's, 15 2's, 24 3's, 5 4's, 13 5's.",Directed,316,,,1
"We have: 14 0's, 34 1's, 23 2's, 32 3's, 12 4's, 15 5's.","We have: 13 0's, 30 1's, 15 2's, 24 3's, 5 4's, 13 5's.",Directed,317,,,1
"We have: 14 0's, 34 1's, 24 2's, 30 3's, 13 4's, 15 5's.","We have: 12 0's, 30 1's, 22 2's, 22 3's, 5 4's, 13 5's.",Directed,318,,,1
"We have: 14 0's, 34 1's, 25 2's, 25 3's, 12 4's, 20 5's.","We have: 12 0's, 31 1's, 20 2's, 23 3's, 5 4's, 13 5's.",Directed,319,,,2
"We have: 14 0's, 34 1's, 32 2's, 23 3's, 10 4's, 14 5's.","We have: 12 0's, 30 1's, 25 2's, 15 3's, 2 4's, 13 5's.",Directed,320,,,2
"We have: 14 0's, 35 1's, 25 2's, 21 3's, 12 4's, 20 5's.","We have: 12 0's, 31 1's, 20 2's, 15 3's, 10 4's, 13 5's.",Directed,321,,,1
"We have: 14 0's, 35 1's, 32 2's, 21 3's, 10 4's, 15 5's.","We have: 12 0's, 30 1's, 25 2's, 14 3's, 4 4's, 12 5's.",Directed,322,,,1
"We have: 14 0's, 40 1's, 20 2's, 11 3's, 15 4's, 14 5's.","We have: 11 0's, 30 1's, 14 2's, 10 3's, 11 4's, 12 5's.",Directed,323,,,2
"We have: 14 0's, 40 1's, 22 2's, 22 3's, 14 4's, 15 5's.","We have: 12 0's, 32 1's, 13 2's, 21 3's, 10 4's, 13 5's.",Directed,324,,,7
"We have: 14 0's, 40 1's, 23 2's, 21 3's, 14 4's, 15 5's.","We have: 12 0's, 31 1's, 20 2's, 15 3's, 10 4's, 13 5's.",Directed,325,,,1
"We have: 14 0's, 40 1's, 23 2's, 23 3's, 23 4's, 20 5's.","We have: 11 0's, 34 1's, 14 2's, 15 3's, 20 4's, 15 5's.",Directed,326,,,7
"We have: 14 0's, 40 1's, 23 2's, 30 3's, 13 4's, 14 5's.","We have: 11 0's, 32 1's, 21 2's, 22 3's, 5 4's, 13 5's.",Directed,327,,,1
"We have: 14 0's, 40 1's, 32 2's, 21 3's, 11 4's, 13 5's.","We have: 12 0's, 30 1's, 25 2's, 14 3's, 4 4's, 12 5's.",Directed,328,,,1
"We have: 14 0's, 40 1's, 32 2's, 22 3's, 22 4's, 14 5's.","We have: 12 0's, 33 1's, 22 2's, 20 3's, 14 4's, 13 5's.",Directed,329,,,1
"We have: 14 0's, 40 1's, 33 2's, 25 3's, 20 4's, 22 5's.","We have: 11 0's, 34 1's, 24 2's, 22 3's, 13 4's, 20 5's.",Directed,330,,,3
"We have: 14 0's, 40 1's, 43 2's, 32 3's, 32 4's, 14 5's.","We have: 12 0's, 33 1's, 40 2's, 24 3's, 23 4's, 13 5's.",Directed,331,,,1
"We have: 14 0's, 41 1's, 20 2's, 23 3's, 14 4's, 15 5's.","We have: 12 0's, 32 1's, 13 2's, 21 3's, 10 4's, 13 5's.",Directed,332,,,2
"We have: 14 0's, 41 1's, 20 2's, 30 3's, 20 4's, 13 5's.","We have: 10 0's, 33 1's, 13 2's, 23 3's, 13 4's, 12 5's.",Directed,333,,,1
"We have: 14 0's, 41 1's, 21 2's, 31 3's, 13 4's, 14 5's.","We have: 13 0's, 30 1's, 15 2's, 24 3's, 5 4's, 13 5's.",Directed,334,,,1
"We have: 14 0's, 41 1's, 23 2's, 30 3's, 20 4's, 13 5's.","We have: 11 0's, 33 1's, 20 2's, 22 3's, 13 4's, 12 5's.",Directed,335,,,1
"We have: 14 0's, 41 1's, 30 2's, 23 3's, 22 4's, 14 5's.","We have: 12 0's, 33 1's, 22 2's, 20 3's, 14 4's, 13 5's.",Directed,336,,,1
"We have: 14 0's, 41 1's, 31 2's, 21 3's, 10 4's, 14 5's.","We have: 12 0's, 30 1's, 25 2's, 15 3's, 2 4's, 13 5's.",Directed,337,,,1
"We have: 14 0's, 41 1's, 33 2's, 23 3's, 20 4's, 22 5's.","We have: 12 0's, 34 1's, 24 2's, 15 3's, 13 4's, 21 5's.",Directed,338,,,7
"We have: 14 0's, 42 1's, 33 2's, 34 3's, 23 4's, 23 5's.","We have: 13 0's, 40 1's, 25 2's, 24 3's, 15 4's, 22 5's.",Directed,339,,,2
"We have: 14 0's, 42 1's, 34 2's, 32 3's, 24 4's, 23 5's.","We have: 13 0's, 40 1's, 25 2's, 24 3's, 15 4's, 22 5's.",Directed,340,,,1
"We have: 14 0's, 43 1's, 23 2's, 23 3's, 15 4's, 20 5's.","We have: 12 0's, 40 1's, 15 2's, 15 3's, 12 4's, 14 5's.",Directed,341,,,2
"We have: 14 0's, 43 1's, 23 2's, 34 3's, 24 4's, 21 5's.","We have: 13 0's, 40 1's, 15 2's, 30 3's, 15 4's, 20 5's.",Directed,342,,,4
"We have: 14 0's, 43 1's, 25 2's, 34 3's, 23 4's, 22 5's.","We have: 13 0's, 41 1's, 20 2's, 30 3's, 15 4's, 20 5's.",Directed,343,,,3
"We have: 14 0's, 43 1's, 30 2's, 32 3's, 24 4's, 20 5's.","We have: 11 0's, 41 1's, 22 2's, 24 3's, 20 4's, 15 5's.",Directed,344,,,1
"We have: 14 0's, 43 1's, 30 2's, 33 3's, 21 4's, 14 5's.","We have: 12 0's, 35 1's, 24 2's, 24 3's, 13 4's, 13 5's.",Directed,345,,,1
"We have: 14 0's, 43 1's, 31 2's, 32 3's, 20 4's, 15 5's.","We have: 12 0's, 35 1's, 24 2's, 24 3's, 13 4's, 13 5's.",Directed,346,,,2
"We have: 14 0's, 43 1's, 32 2's, 31 3's, 15 4's, 20 5's.","We have: 12 0's, 35 1's, 25 2's, 23 3's, 12 4's, 14 5's.",Directed,347,,,4
"We have: 14 0's, 43 1's, 32 2's, 32 3's, 21 4's, 21 5's.","We have: 13 0's, 35 1's, 23 2's, 24 3's, 14 4's, 20 5's.",Directed,348,,,1
"We have: 14 0's, 43 1's, 33 2's, 25 3's, 20 4's, 20 5's.","We have: 11 0's, 41 1's, 25 2's, 21 3's, 13 4's, 14 5's.",Directed,349,,,3
"We have: 14 0's, 43 1's, 40 2's, 24 3's, 32 4's, 14 5's.","We have: 12 0's, 40 1's, 33 2's, 21 3's, 22 4's, 13 5's.",Directed,350,,,4
"We have: 14 0's, 44 1's, 23 2's, 23 3's, 20 4's, 14 5's.","We have: 12 0's, 41 1's, 15 2's, 20 3's, 11 4's, 13 5's.",Directed,351,,,1
"We have: 14 0's, 44 1's, 30 2's, 31 3's, 21 4's, 15 5's.","We have: 12 0's, 35 1's, 24 2's, 24 3's, 13 4's, 13 5's.",Directed,352,,,1
"We have: 14 0's, 44 1's, 31 2's, 31 3's, 22 4's, 21 5's.","We have: 13 0's, 35 1's, 23 2's, 24 3's, 14 4's, 20 5's.",Directed,353,,,1
"We have: 14 0's, 44 1's, 31 2's, 32 3's, 24 4's, 21 5's.","We have: 13 0's, 40 1's, 23 2's, 25 3's, 15 4's, 20 5's.",Directed,354,,,1
"We have: 14 0's, 44 1's, 33 2's, 25 3's, 25 4's, 22 5's.","We have: 13 0's, 42 1's, 24 2's, 22 3's, 21 4's, 15 5's.",Directed,355,,,5
"We have: 14 0's, 44 1's, 35 2's, 22 3's, 22 4's, 21 5's.","We have: 13 0's, 41 1's, 25 2's, 20 3's, 14 4's, 15 5's.",Directed,356,,,1
"We have: 14 0's, 45 1's, 25 2's, 33 3's, 24 4's, 21 5's.","We have: 13 0's, 42 1's, 21 2's, 30 3's, 20 4's, 14 5's.",Directed,357,,,2
"We have: 14 0's, 45 1's, 32 2's, 31 3's, 21 4's, 21 5's.","We have: 13 0's, 40 1's, 24 2's, 24 3's, 14 4's, 15 5's.",Directed,358,,,1
"We have: 14 0's, 45 1's, 33 2's, 24 3's, 25 4's, 25 5's.","We have: 13 0's, 43 1's, 25 2's, 21 3's, 21 4's, 21 5's.",Directed,359,,,4
"We have: 14 0's, 45 1's, 41 2's, 30 3's, 25 4's, 25 5's.","We have: 12 0's, 42 1's, 34 2's, 24 3's, 21 4's, 21 5's.",Directed,360,,,1
"We have: 14 0's, 45 1's, 41 2's, 33 3's, 32 4's, 30 5's.","We have: 12 0's, 42 1's, 35 2's, 24 3's, 24 4's, 24 5's.",Directed,361,,,1
"We have: 14 0's, 45 1's, 42 2's, 35 3's, 33 4's, 23 5's.","We have: 13 0's, 43 1's, 35 2's, 30 3's, 25 4's, 20 5's.",Directed,362,,,1
"We have: 14 0's, 50 1's, 22 2's, 23 3's, 20 4's, 13 5's.","We have: 11 0's, 43 1's, 13 2's, 20 3's, 14 4's, 11 5's.",Directed,363,,,2
"We have: 14 0's, 50 1's, 41 2's, 15 3's, 23 4's, 21 5's.","We have: 12 0's, 41 1's, 34 2's, 13 3's, 20 4's, 14 5's.",Directed,364,,,3
"We have: 14 0's, 51 1's, 31 2's, 24 3's, 31 4's, 20 5's.","We have: 12 0's, 42 1's, 24 2's, 21 3's, 24 4's, 14 5's.",Directed,365,,,4
"We have: 14 0's, 51 1's, 33 2's, 30 3's, 21 4's, 23 5's.","We have: 12 0's, 43 1's, 30 2's, 21 3's, 15 4's, 21 5's.",Directed,366,,,2
"We have: 14 0's, 51 1's, 35 2's, 35 3's, 24 4's, 22 5's.","We have: 13 0's, 44 1's, 31 2's, 32 3's, 21 4's, 14 5's.",Directed,367,,,1
"We have: 14 0's, 51 1's, 35 2's, 35 3's, 34 4's, 23 5's.","We have: 13 0's, 44 1's, 33 2's, 30 3's, 31 4's, 15 5's.",Directed,368,,,1
"We have: 14 0's, 51 1's, 41 2's, 32 3's, 31 4's, 30 5's.","We have: 12 0's, 42 1's, 35 2's, 24 3's, 24 4's, 24 5's.",Directed,369,,,1
"We have: 14 0's, 52 1's, 31 2's, 31 3's, 22 4's, 21 5's.","We have: 13 0's, 43 1's, 22 2's, 24 3's, 20 4's, 15 5's.",Directed,370,,,1
"We have: 14 0's, 53 1's, 42 2's, 32 3's, 25 4's, 25 5's.","We have: 13 0's, 51 1's, 33 2's, 25 3's, 22 4's, 21 5's.",Directed,371,,,1
"We have: 14 0's, 54 1's, 34 2's, 35 3's, 30 4's, 25 5's.","We have: 12 0's, 52 1's, 32 2's, 31 3's, 22 4's, 21 5's.",Directed,372,,,1
"We have: 15 0's, 32 1's, 35 2's, 25 3's, 20 4's, 20 5's.","We have: 12 0's, 30 1's, 30 2's, 22 3's, 15 4's, 12 5's.",Directed,373,,,2
"We have: 15 0's, 33 1's, 30 2's, 24 3's, 5 4's, 15 5's.","We have: 13 0's, 30 1's, 24 2's, 20 3's, 3 4's, 11 5's.",Directed,374,,,4
"We have: 15 0's, 34 1's, 25 2's, 22 3's, 12 4's, 20 5's.","We have: 13 0's, 31 1's, 15 2's, 20 3's, 10 4's, 13 5's.",Directed,375,,,1
"We have: 15 0's, 35 1's, 23 2's, 31 3's, 10 4's, 20 5's.","We have: 12 0's, 31 1's, 20 2's, 23 3's, 5 4's, 13 5's.",Directed,376,,,1
"We have: 15 0's, 40 1's, 31 2's, 20 3's, 11 4's, 14 5's.","We have: 12 0's, 30 1's, 25 2's, 14 3's, 4 4's, 12 5's.",Directed,377,,,1
"We have: 15 0's, 42 1's, 25 2's, 20 3's, 15 4's, 23 5's.","We have: 13 0's, 35 1's, 20 2's, 14 3's, 13 4's, 15 5's.",Directed,378,,,1
"We have: 15 0's, 42 1's, 25 2's, 21 3's, 15 4's, 23 5's.","We have: 14 0's, 34 1's, 20 2's, 15 3's, 13 4's, 15 5's.",Directed,379,,,5
"We have: 15 0's, 42 1's, 32 2's, 33 3's, 22 4's, 20 5's.","We have: 13 0's, 40 1's, 22 2's, 25 3's, 20 4's, 14 5's.",Directed,380,,,1
"We have: 15 0's, 42 1's, 42 2's, 33 3's, 23 4's, 25 5's.","We have: 14 0's, 40 1's, 33 2's, 25 3's, 20 4's, 22 5's.",Directed,381,,,1
"We have: 15 0's, 43 1's, 21 2's, 34 3's, 23 4's, 20 5's.","We have: 13 0's, 40 1's, 13 2's, 30 3's, 20 4's, 14 5's.",Directed,382,,,3
"We have: 15 0's, 43 1's, 31 2's, 32 3's, 25 4's, 23 5's.","We have: 14 0's, 40 1's, 23 2's, 23 3's, 23 4's, 20 5's.",Directed,383,,,1
"We have: 15 0's, 43 1's, 32 2's, 33 3's, 20 4's, 21 5's.","We have: 13 0's, 40 1's, 24 2's, 24 3's, 14 4's, 15 5's.",Directed,384,,,3
"We have: 15 0's, 43 1's, 35 2's, 31 3's, 12 4's, 21 5's.","We have: 14 0's, 34 1's, 32 2's, 23 3's, 10 4's, 14 5's.",Directed,385,,,1
"We have: 15 0's, 43 1's, 40 2's, 22 3's, 31 4's, 20 5's.","We have: 12 0's, 40 1's, 32 2's, 15 3's, 24 4's, 14 5's.",Directed,386,,,1
"We have: 15 0's, 43 1's, 41 2's, 32 3's, 24 4's, 25 5's.","We have: 14 0's, 40 1's, 33 2's, 25 3's, 20 4's, 22 5's.",Directed,387,,,1
"We have: 15 0's, 43 1's, 42 2's, 21 3's, 23 4's, 20 5's.","We have: 13 0's, 40 1's, 33 2's, 14 3's, 20 4's, 14 5's.",Directed,388,,,2
"We have: 15 0's, 44 1's, 25 2's, 13 3's, 22 4's, 21 5's.","We have: 14 0's, 40 1's, 20 2's, 11 3's, 15 4's, 14 5's.",Directed,389,,,1
"We have: 15 0's, 44 1's, 25 2's, 25 3's, 21 4's, 23 5's.","We have: 14 0's, 41 1's, 20 2's, 23 3's, 14 4's, 15 5's.",Directed,390,,,1
"We have: 15 0's, 44 1's, 30 2's, 25 3's, 23 4's, 23 5's.","We have: 13 0's, 42 1's, 22 2's, 21 3's, 20 4's, 20 5's.",Directed,391,,,2
"We have: 15 0's, 44 1's, 31 2's, 24 3's, 22 4's, 21 5's.","We have: 14 0's, 40 1's, 22 2's, 22 3's, 14 4's, 15 5's.",Directed,392,,,6
"We have: 15 0's, 45 1's, 35 2's, 34 3's, 24 4's, 24 5's.","We have: 14 0's, 43 1's, 32 2's, 31 3's, 15 4's, 20 5's.",Directed,393,,,1
"We have: 15 0's, 45 1's, 35 2's, 35 3's, 22 4's, 25 5's.","We have: 14 0's, 43 1's, 31 2's, 32 3's, 20 4's, 15 5's.",Directed,394,,,1
"We have: 15 0's, 45 1's, 42 2's, 32 3's, 24 4's, 23 5's.","We have: 14 0's, 43 1's, 33 2's, 25 3's, 20 4's, 20 5's.",Directed,395,,,1
"We have: 15 0's, 45 1's, 43 2's, 33 3's, 35 4's, 22 5's.","We have: 14 0's, 43 1's, 40 2's, 24 3's, 32 4's, 14 5's.",Directed,396,,,1
"We have: 15 0's, 50 1's, 31 2's, 24 3's, 30 4's, 21 5's.","We have: 12 0's, 42 1's, 24 2's, 21 3's, 24 4's, 14 5's.",Directed,397,,,2
"We have: 15 0's, 50 1's, 35 2's, 35 3's, 33 4's, 24 5's.","We have: 13 0's, 44 1's, 33 2's, 30 3's, 31 4's, 15 5's.",Directed,398,,,1
"We have: 15 0's, 50 1's, 35 2's, 40 3's, 24 4's, 31 5's.","We have: 12 0's, 43 1's, 33 2's, 33 3's, 21 4's, 23 5's.",Directed,399,,,1
"We have: 15 0's, 50 1's, 40 2's, 21 3's, 21 4's, 25 5's.","We have: 12 0's, 42 1's, 32 2's, 20 3's, 15 4's, 21 5's.",Directed,400,,,3
"We have: 15 0's, 50 1's, 40 2's, 34 3's, 25 4's, 31 5's.","We have: 12 0's, 43 1's, 34 2's, 31 3's, 22 4's, 23 5's.",Directed,401,,,1
"We have: 15 0's, 50 1's, 41 2's, 32 3's, 30 4's, 31 5's.","We have: 12 0's, 42 1's, 35 2's, 24 3's, 24 4's, 24 5's.",Directed,402,,,1
"We have: 15 0's, 51 1's, 32 2's, 25 3's, 21 4's, 24 5's.","We have: 14 0's, 43 1's, 23 2's, 23 3's, 15 4's, 20 5's.",Directed,403,,,1
"We have: 15 0's, 51 1's, 35 2's, 34 3's, 21 4's, 25 5's.","We have: 14 0's, 43 1's, 32 2's, 31 3's, 15 4's, 20 5's.",Directed,404,,,1
"We have: 15 0's, 51 1's, 41 2's, 33 3's, 22 4's, 23 5's.","We have: 14 0's, 43 1's, 33 2's, 25 3's, 20 4's, 20 5's.",Directed,405,,,1
"We have: 15 0's, 51 1's, 50 2's, 25 3's, 25 4's, 32 5's.","We have: 13 0's, 44 1's, 42 2's, 23 3's, 24 4's, 22 5's.",Directed,406,,,1
"We have: 15 0's, 52 1's, 35 2's, 34 3's, 31 4's, 33 5's.","We have: 14 0's, 45 1's, 33 2's, 24 3's, 25 4's, 25 5's.",Directed,407,,,1
"We have: 15 0's, 52 1's, 42 2's, 32 3's, 31 4's, 32 5's.","We have: 14 0's, 45 1's, 33 2's, 24 3's, 25 4's, 25 5's.",Directed,408,,,1
"We have: 15 0's, 53 1's, 30 2's, 24 3's, 21 4's, 24 5's.","We have: 13 0's, 50 1's, 22 2's, 21 3's, 14 4's, 21 5's.",Directed,409,,,1
"We have: 15 0's, 53 1's, 32 2's, 41 3's, 31 4's, 24 5's.","We have: 14 0's, 45 1's, 25 2's, 33 3's, 24 4's, 21 5's.",Directed,410,,,1
"We have: 15 0's, 53 1's, 33 2's, 35 3's, 33 4's, 24 5's.","We have: 14 0's, 51 1's, 31 2's, 24 3's, 31 4's, 20 5's.",Directed,411,,,1
"We have: 15 0's, 53 1's, 35 2's, 35 3's, 23 4's, 30 5's.","We have: 13 0's, 51 1's, 33 2's, 25 3's, 22 4's, 21 5's.",Directed,412,,,1
"We have: 15 0's, 53 1's, 44 2's, 23 3's, 31 4's, 24 5's.","We have: 14 0's, 50 1's, 41 2's, 15 3's, 23 4's, 21 5's.",Directed,413,,,1
"We have: 15 0's, 54 1's, 31 2's, 25 3's, 22 4's, 21 5's.","We have: 14 0's, 50 1's, 22 2's, 23 3's, 20 4's, 13 5's.",Directed,414,,,1
"We have: 15 0's, 54 1's, 44 2's, 21 3's, 31 4's, 25 5's.","We have: 14 0's, 50 1's, 41 2's, 15 3's, 23 4's, 21 5's.",Directed,415,,,1
"We have: 2 0's, 11 1's, 11 2's, 3 3's, 3 5's.","We have: 1 0, 2 1's, 5 2's, 2 5's.",Directed,416,,,9
"We have: 2 0's, 11 1's, 12 2's, 10 3's, 4 4's, 4 5's.","We have: 2 1's, 5 2's, 5 3's, 1 4, 3 5's.",Directed,417,,,5
"We have: 2 0's, 11 1's, 12 2's, 3 3's, 1 4, 3 5's.","We have: 1 0, 2 1's, 5 2's, 2 5's.",Directed,418,,,3
"We have: 2 0's, 11 1's, 12 2's, 4 3's, 4 4's, 3 5's.","We have: 1 0, 3 1's, 5 2's, 2 3's, 1 4, 2 5's.",Directed,419,,,1
"We have: 2 0's, 12 1's, 22 2's, 2 3's, 4 4's, 10 5's.","We have: 5 1's, 12 2's, 1 3, 2 4's, 5 5's.",Directed,420,,,1
"We have: 2 0's, 13 1's, 11 2's, 11 3's, 1 4, 5 5's.","We have: 1 0, 2 1's, 5 2's, 5 3's, 3 5's.",Directed,421,,,1
"We have: 2 0's, 13 1's, 3 2's, 4 3's, 4 4's.","We have: 1 0, 11 1's, 1 2, 1 3, 1 4.",Directed,422,,,15
"We have: 2 0's, 13 1's, 3 2's, 4 3's, 4 4's, 2 5's.","We have: 1 0, 11 1's, 1 3, 1 4, 1 5.",Directed,423,,,2
"We have: 2 0's, 13 1's, 3 2's, 5 3's, 3 5's.","We have: 1 0, 11 1's, 1 2, 1 3, 1 5.",Directed,424,,,4
"We have: 2 0's, 13 1's, 3 2's, 5 3's, 2 4's, 3 5's.","We have: 1 0, 11 1's, 1 3, 1 4, 1 5.",Directed,425,,,11
"We have: 2 0's, 13 1's, 4 2's, 11 3's, 10 4's, 5 5's.","We have: 4 1's, 2 2's, 5 3's, 4 4's, 3 5's.",Directed,426,,,1
"We have: 2 0's, 13 1's, 4 2's, 3 3's, 4 4's, 2 5's.","We have: 1 0, 11 1's, 1 2, 1 4, 1 5.",Directed,427,,,3
"We have: 2 0's, 13 1's, 4 2's, 4 3's, 3 4's, 2 5's.","We have: 1 0, 11 1's, 1 2, 1 3, 1 5.",Directed,428,,,1
"We have: 2 0's, 13 1's, 4 2's, 5 3's, 3 4's, 3 5's.","We have: 1 0, 11 1's, 2 2's, 1 3, 1 4, 1 5.",Directed,429,,,1
"We have: 2 0's, 13 1's, 5 2's, 11 3's, 10 4's, 4 5's.","We have: 4 1's, 3 2's, 5 3's, 4 4's, 2 5's.",Directed,430,,,1
"We have: 2 0's, 14 1's, 14 2's, 5 4's, 11 5's.","We have: 1 0, 5 1's, 12 2's, 2 4's, 5 5's.",Directed,431,,,13
"We have: 2 0's, 14 1's, 3 2's, 11 3's, 5 4's, 10 5's.","We have: 5 1's, 1 2, 5 3's, 3 4's, 4 5's.",Directed,432,,,26
"We have: 2 0's, 15 1's, 13 2's, 5 3's, 4 4's, 10 5's.","We have: 11 1's, 11 2's, 3 3's, 2 4's, 3 5's.",Directed,433,,,24
"We have: 2 0's, 15 1's, 5 2's, 11 3's, 3 4's, 11 5's.","We have: 1 0, 5 1's, 3 2's, 5 3's, 2 4's, 4 5's.",Directed,434,,,1
"We have: 2 0's, 21 1's, 14 2's, 13 3's, 5 4's, 10 5's.","We have: 12 1's, 11 2's, 11 3's, 3 4's, 4 5's.",Directed,435,,,19
"We have: 2 0's, 22 1's, 15 2's, 13 3's, 4 4's, 11 5's.","We have: 1 0, 13 1's, 11 2's, 11 3's, 2 4's, 5 5's.",Directed,436,,,2
"We have: 2 0's, 22 1's, 24 2's, 12 3's, 15 4's, 10 5's.","We have: 14 1's, 14 2's, 11 3's, 13 4's, 4 5's.",Directed,437,,,10
"We have: 2 0's, 23 1's, 22 2's, 11 3's, 5 4's, 13 5's.","We have: 1 0, 15 1's, 13 2's, 4 3's, 4 4's, 11 5's.",Directed,438,,,1
"We have: 2 0's, 3 1's, 10 2's, 3 3's, 4 4's, 1 5.","We have: 4 2's, 2 4's.",Directed,439,,,17
"We have: 2 0's, 3 1's, 10 2's, 5 3's, 1 4, 2 5's.","We have: 3 2's, 3 3's.",Directed,440,,,1
"We have: 2 0's, 3 1's, 12 2's, 10 3's, 5 4's, 2 5's.","We have: 4 2's, 4 3's, 4 4's.",Directed,441,,,11
"We have: 2 0's, 3 1's, 20 2's, 4 3's, 5 4's, 2 5's.","We have: 2 1's, 12 2's, 2 3's, 3 4's.",Directed,442,,,1
"We have: 2 0's, 3 1's, 5 2's, 5 3's, 3 5's.","We have: 1 0, 2 1's, 3 2's, 2 3's.",Directed,443,,,31
"We have: 2 0's, 30 1's, 32 2's, 12 3's, 12 4's, 13 5's.","We have: 22 1's, 23 2's, 4 3's, 11 4's, 12 5's.",Directed,444,,,1
"We have: 2 0's, 31 1's, 30 2's, 13 3's, 12 4's, 13 5's.","We have: 22 1's, 23 2's, 4 3's, 11 4's, 12 5's.",Directed,445,,,2
"We have: 2 0's, 32 1's, 23 2's, 22 3's, 15 4's, 13 5's.","We have: 1 0, 25 1's, 13 2's, 14 3's, 14 4's, 11 5's.",Directed,446,,,4
"We have: 2 0's, 33 1's, 21 2's, 23 3's, 15 4's, 13 5's.","We have: 1 0, 25 1's, 13 2's, 14 3's, 14 4's, 11 5's.",Directed,447,,,5
"We have: 2 0's, 4 1's, 10 2's, 4 3's, 3 4's, 2 5's.","We have: 2 1's, 3 2's, 2 3's, 1 5.",Directed,448,,,9
"We have: 2 0's, 4 1's, 11 2's, 5 3's, 10 4's, 2 5's.","We have: 4 2's, 4 3's, 4 4's.",Directed,449,,,9
"We have: 2 0's, 4 1's, 3 2's, 5 3's, 4 4's, 2 5's.","We have: 1 0, 3 1's, 3 3's, 1 4.",Directed,450,,,2
"We have: 2 0's, 4 1's, 4 2's, 5 3's, 3 4's, 2 5's.","We have: 1 0, 3 1's, 1 2, 3 3's.",Directed,451,,,3
"We have: 2 0's, 4 1's, 4 2's, 5 3's, 4 4's, 3 5's.","We have: 1 0, 3 1's, 2 2's, 3 3's, 1 5.",Directed,452,,,1
"We have: 2 0's, 41 1's, 34 2's, 14 3's, 21 4's, 14 5's.","We have: 1 0, 32 1's, 31 2's, 12 3's, 12 4's, 13 5's.",Directed,453,,,1
"We have: 2 0's, 5 1's, 11 2's, 5 5's.","We have: 1 0, 2 1's, 5 2's, 2 5's.",Directed,454,,,1
"We have: 2 0's, 5 1's, 12 2's, 1 4, 5 5's.","We have: 1 0, 2 1's, 5 2's, 2 5's.",Directed,455,,,2
"We have: 2 0's, 5 1's, 12 2's, 1 3, 5 5's.","We have: 1 0, 2 1's, 5 2's, 2 5's.",Directed,456,,,5
"We have: 2 0's, 5 1's, 12 2's, 4 3's, 3 4's, 5 5's.","We have: 1 0, 3 1's, 5 2's, 2 3's, 1 4, 2 5's.",Directed,457,,,2
"We have: 2 0's, 5 1's, 3 2's, 10 3's, 3 5's.","We have: 3 1's, 1 2, 3 3's, 1 5.",Directed,458,,,2
"We have: 2 0's, 5 1's, 3 2's, 10 3's, 2 4's, 3 5's.","We have: 3 1's, 3 3's, 1 4, 1 5.",Directed,459,,,18
"We have: 2 0's, 5 1's, 4 2's, 10 3's, 3 4's, 3 5's.","We have: 3 1's, 2 2's, 3 3's, 1 4, 1 5.",Directed,460,,,9
"We have: 20 0's, 32 1's, 35 2's, 25 3's, 20 4's, 15 5's.","We have: 13 0's, 30 1's, 30 2's, 22 3's, 15 4's, 11 5's.",Directed,461,,,4
"We have: 20 0's, 32 1's, 35 2's, 31 3's, 21 4's, 12 5's.","We have: 14 0's, 24 1's, 30 2's, 23 3's, 20 4's, 10 5's.",Directed,462,,,1
"We have: 20 0's, 33 1's, 33 2's, 22 3's, 14 4's, 13 5's.","We have: 14 0's, 30 1's, 25 2's, 12 3's, 12 4's, 12 5's.",Directed,463,,,3
"We have: 20 0's, 33 1's, 35 2's, 32 3's, 4 4's, 22 5's.","We have: 14 0's, 32 1's, 30 2's, 23 3's, 2 4's, 20 5's.",Directed,464,,,6
"We have: 20 0's, 34 1's, 15 2's, 20 3's, 13 4's, 10 5's.","We have: 12 0's, 30 1's, 12 2's, 13 3's, 11 4's, 4 5's.",Directed,465,,,9
"We have: 20 0's, 34 1's, 34 2's, 31 3's, 5 4's, 22 5's.","We have: 14 0's, 32 1's, 30 2's, 23 3's, 2 4's, 20 5's.",Directed,466,,,1
"We have: 20 0's, 35 1's, 21 2's, 30 3's, 5 4's, 20 5's.","We have: 12 0's, 33 1's, 13 2's, 23 3's, 4 4's, 13 5's.",Directed,467,,,1
"We have: 20 0's, 40 1's, 22 2's, 20 3's, 20 4's, 20 5's.","We have: 10 0's, 35 1's, 11 2's, 15 3's, 14 4's, 15 5's.",Directed,468,,,6
"We have: 20 0's, 40 1's, 23 2's, 23 3's, 20 4's, 15 5's.","We have: 12 0's, 34 1's, 14 2's, 20 3's, 14 4's, 13 5's.",Directed,469,,,3
"We have: 20 0's, 40 1's, 24 2's, 20 3's, 20 4's, 15 5's.","We have: 11 0's, 34 1's, 15 2's, 15 3's, 13 4's, 13 5's.",Directed,470,,,1
"We have: 20 0's, 40 1's, 30 2's, 23 3's, 21 4's, 14 5's.","We have: 12 0's, 33 1's, 22 2's, 20 3's, 14 4's, 13 5's.",Directed,471,,,5
"We have: 20 0's, 40 1's, 31 2's, 22 3's, 20 4's, 15 5's.","We have: 12 0's, 33 1's, 22 2's, 20 3's, 14 4's, 13 5's.",Directed,472,,,1
"We have: 20 0's, 40 1's, 34 2's, 21 3's, 20 4's, 22 5's.","We have: 12 0's, 34 1's, 24 2's, 15 3's, 13 4's, 21 5's.",Directed,473,,,7
"We have: 20 0's, 41 1's, 34 2's, 32 3's, 15 4's, 22 5's.","We have: 14 0's, 34 1's, 25 2's, 25 3's, 12 4's, 20 5's.",Directed,474,,,1
"We have: 20 0's, 42 1's, 31 2's, 15 3's, 20 4's, 20 5's.","We have: 12 0's, 35 1's, 22 2's, 13 3's, 14 4's, 14 5's.",Directed,475,,,3
"We have: 20 0's, 42 1's, 33 2's, 31 3's, 25 4's, 22 5's.","We have: 14 0's, 40 1's, 23 2's, 23 3's, 23 4's, 20 5's.",Directed,476,,,3
"We have: 20 0's, 42 1's, 34 2's, 25 3's, 30 4's, 22 5's.","We have: 13 0's, 41 1's, 24 2's, 22 3's, 23 4's, 20 5's.",Directed,477,,,3
"We have: 20 0's, 42 1's, 43 2's, 25 3's, 24 4's, 25 5's.","We have: 14 0's, 41 1's, 33 2's, 23 3's, 20 4's, 22 5's.",Directed,478,,,2
"We have: 20 0's, 42 1's, 43 2's, 32 3's, 23 4's, 23 5's.","We have: 14 0's, 41 1's, 33 2's, 23 3's, 20 4's, 22 5's.",Directed,479,,,2
"We have: 20 0's, 43 1's, 33 2's, 32 3's, 23 4's, 20 5's.","We have: 13 0's, 42 1's, 24 2's, 22 3's, 21 4's, 15 5's.",Directed,480,,,1
"We have: 20 0's, 43 1's, 41 2's, 33 3's, 23 4's, 23 5's.","We have: 14 0's, 41 1's, 33 2's, 23 3's, 20 4's, 22 5's.",Directed,481,,,1
"We have: 20 0's, 43 1's, 42 2's, 31 3's, 24 4's, 23 5's.","We have: 14 0's, 41 1's, 33 2's, 23 3's, 20 4's, 22 5's.",Directed,482,,,1
"We have: 20 0's, 44 1's, 32 2's, 32 3's, 23 4's, 20 5's.","We have: 13 0's, 43 1's, 22 2's, 24 3's, 20 4's, 15 5's.",Directed,483,,,1
"We have: 20 0's, 44 1's, 33 2's, 42 3's, 32 4's, 22 5's.","We have: 14 0's, 43 1's, 23 2's, 34 3's, 24 4's, 21 5's.",Directed,484,,,1
"We have: 20 0's, 44 1's, 34 2's, 24 3's, 30 4's, 22 5's.","We have: 13 0's, 43 1's, 25 2's, 21 3's, 21 4's, 21 5's.",Directed,485,,,3
"We have: 20 0's, 44 1's, 34 2's, 42 3's, 32 4's, 23 5's.","We have: 14 0's, 43 1's, 25 2's, 34 3's, 23 4's, 22 5's.",Directed,486,,,1
"We have: 20 0's, 45 1's, 23 2's, 23 3's, 20 4's, 14 5's.","We have: 13 0's, 43 1's, 14 2's, 20 3's, 13 4's, 12 5's.",Directed,487,,,6
"We have: 20 0's, 45 1's, 32 2's, 42 3's, 31 4's, 23 5's.","We have: 14 0's, 43 1's, 23 2's, 34 3's, 24 4's, 21 5's.",Directed,488,,,1
"We have: 20 0's, 45 1's, 33 2's, 42 3's, 31 4's, 24 5's.","We have: 14 0's, 43 1's, 25 2's, 34 3's, 23 4's, 22 5's.",Directed,489,,,1
"We have: 20 0's, 45 1's, 41 2's, 34 3's, 23 4's, 22 5's.","We have: 14 0's, 43 1's, 32 2's, 31 3's, 15 4's, 20 5's.",Directed,490,,,1
"We have: 20 0's, 45 1's, 42 2's, 32 3's, 34 4's, 24 5's.","We have: 14 0's, 44 1's, 33 2's, 25 3's, 25 4's, 22 5's.",Directed,491,,,1
"We have: 20 0's, 45 1's, 42 2's, 33 3's, 32 4's, 25 5's.","We have: 14 0's, 44 1's, 33 2's, 25 3's, 25 4's, 22 5's.",Directed,492,,,1
"We have: 20 0's, 45 1's, 43 2's, 33 3's, 35 4's, 21 5's.","We have: 14 0's, 43 1's, 40 2's, 24 3's, 32 4's, 14 5's.",Directed,493,,,1
"We have: 20 0's, 50 1's, 30 2's, 25 3's, 20 4's, 25 5's.","We have: 11 0's, 45 1's, 21 2's, 23 3's, 15 4's, 21 5's.",Directed,494,,,2
"We have: 20 0's, 51 1's, 41 2's, 33 3's, 32 4's, 24 5's.","We have: 14 0's, 44 1's, 33 2's, 25 3's, 25 4's, 22 5's.",Directed,495,,,1
"We have: 20 0's, 51 1's, 42 2's, 32 3's, 31 4's, 25 5's.","We have: 14 0's, 44 1's, 33 2's, 25 3's, 25 4's, 22 5's.",Directed,496,,,1
"We have: 20 0's, 51 1's, 50 2's, 25 3's, 25 4's, 31 5's.","We have: 13 0's, 44 1's, 42 2's, 23 3's, 24 4's, 22 5's.",Directed,497,,,1
"We have: 20 0's, 52 1's, 33 2's, 40 3's, 24 4's, 30 5's.","We have: 12 0's, 51 1's, 25 2's, 32 3's, 21 4's, 24 5's.",Directed,498,,,1
"We have: 20 0's, 52 1's, 35 2's, 34 3's, 33 4's, 23 5's.","We have: 14 0's, 51 1's, 31 2's, 24 3's, 31 4's, 20 5's.",Directed,499,,,1
"We have: 20 0's, 52 1's, 42 2's, 32 3's, 31 4's, 31 5's.","We have: 14 0's, 45 1's, 33 2's, 24 3's, 25 4's, 25 5's.",Directed,500,,,1
"We have: 20 0's, 52 1's, 42 2's, 32 3's, 33 4's, 22 5's.","We have: 14 0's, 51 1's, 31 2's, 24 3's, 31 4's, 20 5's.",Directed,501,,,1
"We have: 20 0's, 52 1's, 51 2's, 21 3's, 30 4's, 24 5's.","We have: 13 0's, 45 1's, 42 2's, 15 3's, 24 4's, 21 5's.",Directed,502,,,1
"We have: 21 0's, 34 1's, 50 2's, 32 3's, 22 4's, 22 5's.","We have: 15 0's, 32 1's, 35 2's, 25 3's, 20 4's, 20 5's.",Directed,503,,,1
"We have: 21 0's, 35 1's, 43 2's, 34 3's, 23 4's, 21 5's.","We have: 20 0's, 32 1's, 35 2's, 25 3's, 20 4's, 15 5's.",Directed,504,,,1
"We have: 21 0's, 35 1's, 44 2's, 32 3's, 24 4's, 21 5's.","We have: 20 0's, 32 1's, 35 2's, 25 3's, 20 4's, 15 5's.",Directed,505,,,1
"We have: 21 0's, 41 1's, 42 2's, 24 3's, 23 4's, 14 5's.","We have: 20 0's, 33 1's, 33 2's, 22 3's, 14 4's, 13 5's.",Directed,506,,,2
"We have: 21 0's, 41 1's, 43 2's, 35 3's, 12 4's, 24 5's.","We have: 20 0's, 33 1's, 35 2's, 32 3's, 4 4's, 22 5's.",Directed,507,,,4
"We have: 21 0's, 42 1's, 25 2's, 22 3's, 15 4's, 13 5's.","We have: 20 0's, 34 1's, 15 2's, 20 3's, 13 4's, 10 5's.",Directed,508,,,1
"We have: 21 0's, 42 1's, 35 2's, 22 3's, 22 4's, 22 5's.","We have: 20 0's, 40 1's, 22 2's, 20 3's, 20 4's, 20 5's.",Directed,509,,,1
"We have: 21 0's, 42 1's, 35 2's, 25 3's, 22 4's, 22 5's.","We have: 20 0's, 40 1's, 23 2's, 23 3's, 20 4's, 15 5's.",Directed,510,,,2
"We have: 21 0's, 42 1's, 44 2's, 23 3's, 25 4's, 24 5's.","We have: 20 0's, 40 1's, 34 2's, 21 3's, 20 4's, 22 5's.",Directed,511,,,5
"We have: 21 0's, 42 1's, 45 2's, 22 3's, 24 4's, 25 5's.","We have: 20 0's, 40 1's, 34 2's, 21 3's, 20 4's, 22 5's.",Directed,512,,,1
"We have: 21 0's, 43 1's, 32 2's, 24 3's, 23 4's, 21 5's.","We have: 20 0's, 40 1's, 22 2's, 20 3's, 20 4's, 20 5's.",Directed,513,,,1
"We have: 21 0's, 44 1's, 24 2's, 21 3's, 21 4's, 11 5's.","We have: 20 0's, 34 1's, 15 2's, 20 3's, 13 4's, 10 5's.",Directed,514,,,7
"We have: 21 0's, 44 1's, 30 2's, 31 3's, 30 4's, 21 5's.","We have: 14 0's, 40 1's, 23 2's, 23 3's, 23 4's, 20 5's.",Directed,515,,,2
"We have: 21 0's, 44 1's, 31 2's, 23 3's, 24 4's, 21 5's.","We have: 20 0's, 40 1's, 22 2's, 20 3's, 20 4's, 20 5's.",Directed,516,,,3
"We have: 21 0's, 44 1's, 33 2's, 30 3's, 23 4's, 24 5's.","We have: 15 0's, 42 1's, 25 2's, 21 3's, 15 4's, 23 5's.",Directed,517,,,2
"We have: 21 0's, 44 1's, 40 2's, 40 3's, 34 4's, 24 5's.","We have: 14 0's, 42 1's, 33 2's, 34 3's, 23 4's, 23 5's.",Directed,518,,,1
"We have: 21 0's, 44 1's, 42 2's, 33 3's, 35 4's, 24 5's.","We have: 20 0's, 42 1's, 34 2's, 25 3's, 30 4's, 22 5's.",Directed,519,,,1
"We have: 21 0's, 45 1's, 33 2's, 25 3's, 21 4's, 30 5's.","We have: 15 0's, 42 1's, 25 2's, 21 3's, 15 4's, 23 5's.",Directed,520,,,2
"We have: 21 0's, 45 1's, 40 2's, 35 3's, 24 4's, 25 5's.","We have: 15 0's, 43 1's, 32 2's, 33 3's, 20 4's, 21 5's.",Directed,521,,,1
"We have: 21 0's, 45 1's, 41 2's, 33 3's, 34 4's, 25 5's.","We have: 20 0's, 42 1's, 34 2's, 25 3's, 30 4's, 22 5's.",Directed,522,,,1
"We have: 21 0's, 45 1's, 42 2's, 21 3's, 23 4's, 22 5's.","We have: 20 0's, 42 1's, 31 2's, 15 3's, 20 4's, 20 5's.",Directed,523,,,2
"We have: 21 0's, 45 1's, 51 2's, 35 3's, 25 4's, 32 5's.","We have: 20 0's, 42 1's, 43 2's, 32 3's, 23 4's, 23 5's.",Directed,524,,,1
"We have: 21 0's, 50 1's, 31 2's, 42 3's, 30 4's, 23 5's.","We have: 14 0's, 43 1's, 23 2's, 34 3's, 24 4's, 21 5's.",Directed,525,,,1
"We have: 21 0's, 50 1's, 35 2's, 33 3's, 23 4's, 25 5's.","We have: 15 0's, 44 1's, 31 2's, 24 3's, 22 4's, 21 5's.",Directed,526,,,3
"We have: 21 0's, 50 1's, 41 2's, 35 3's, 22 4's, 25 5's.","We have: 15 0's, 43 1's, 32 2's, 33 3's, 20 4's, 21 5's.",Directed,527,,,1
"We have: 21 0's, 50 1's, 44 2's, 25 3's, 40 4's, 21 5's.","We have: 14 0's, 43 1's, 40 2's, 24 3's, 32 4's, 14 5's.",Directed,528,,,1
"We have: 21 0's, 50 1's, 51 2's, 23 3's, 25 4's, 24 5's.","We have: 15 0's, 43 1's, 42 2's, 21 3's, 23 4's, 20 5's.",Directed,529,,,1
"We have: 21 0's, 51 1's, 33 2's, 34 3's, 25 4's, 30 5's.","We have: 15 0's, 44 1's, 30 2's, 25 3's, 23 4's, 23 5's.",Directed,530,,,1
"We have: 21 0's, 51 1's, 42 2's, 33 3's, 33 4's, 24 5's.","We have: 20 0's, 44 1's, 34 2's, 24 3's, 30 4's, 22 5's.",Directed,531,,,1
"We have: 21 0's, 51 1's, 43 2's, 32 3's, 32 4's, 25 5's.","We have: 20 0's, 44 1's, 34 2's, 24 3's, 30 4's, 22 5's.",Directed,532,,,1
"We have: 21 0's, 52 1's, 34 2's, 25 3's, 22 4's, 21 5's.","We have: 20 0's, 45 1's, 23 2's, 23 3's, 20 4's, 14 5's.",Directed,533,,,3
"We have: 21 0's, 52 1's, 40 2's, 33 3's, 32 4's, 23 5's.","We have: 15 0's, 50 1's, 31 2's, 24 3's, 30 4's, 21 5's.",Directed,534,,,1
"We have: 21 0's, 52 1's, 50 2's, 24 3's, 23 4's, 32 5's.","We have: 15 0's, 50 1's, 40 2's, 21 3's, 21 4's, 25 5's.",Directed,535,,,1
"We have: 21 0's, 53 1's, 40 2's, 35 3's, 23 4's, 30 5's.","We have: 14 0's, 51 1's, 33 2's, 30 3's, 21 4's, 23 5's.",Directed,536,,,1
"We have: 21 0's, 53 1's, 43 2's, 30 3's, 24 4's, 31 5's.","We have: 15 0's, 50 1's, 40 2's, 21 3's, 21 4's, 25 5's.",Directed,537,,,1
"We have: 22 0's, 34 1's, 50 2's, 32 3's, 22 4's, 21 5's.","We have: 20 0's, 32 1's, 35 2's, 25 3's, 20 4's, 15 5's.",Directed,538,,,1
"We have: 22 0's, 40 1's, 30 2's, 23 3's, 20 4's, 14 5's.","We have: 14 0's, 34 1's, 21 2's, 20 3's, 13 4's, 13 5's.",Directed,539,,,2
"We have: 22 0's, 40 1's, 40 2's, 25 3's, 12 4's, 21 5's.","We have: 15 0's, 33 1's, 30 2's, 24 3's, 5 4's, 15 5's.",Directed,540,,,3
"We have: 22 0's, 40 1's, 43 2's, 35 3's, 11 4's, 25 5's.","We have: 20 0's, 33 1's, 35 2's, 32 3's, 4 4's, 22 5's.",Directed,541,,,1
"We have: 22 0's, 42 1's, 41 2's, 24 3's, 25 4's, 20 5's.","We have: 20 0's, 40 1's, 30 2's, 23 3's, 21 4's, 14 5's.",Directed,542,,,4
"We have: 22 0's, 43 1's, 42 2's, 40 3's, 33 4's, 23 5's.","We have: 20 0's, 42 1's, 33 2's, 31 3's, 25 4's, 22 5's.",Directed,543,,,1
"We have: 22 0's, 44 1's, 43 2's, 34 3's, 31 4's, 23 5's.","We have: 21 0's, 42 1's, 35 2's, 25 3's, 22 4's, 22 5's.",Directed,544,,,1
"We have: 22 0's, 45 1's, 30 2's, 41 3's, 30 4's, 22 5's.","We have: 15 0's, 43 1's, 21 2's, 34 3's, 23 4's, 20 5's.",Directed,545,,,2
"We have: 22 0's, 45 1's, 34 2's, 35 3's, 34 4's, 25 5's.","We have: 21 0's, 44 1's, 30 2's, 31 3's, 30 4's, 21 5's.",Directed,546,,,1
"We have: 22 0's, 45 1's, 40 2's, 30 3's, 25 4's, 25 5's.","We have: 15 0's, 44 1's, 31 2's, 24 3's, 22 4's, 21 5's.",Directed,547,,,2
"We have: 22 0's, 45 1's, 42 2's, 25 3's, 32 4's, 24 5's.","We have: 21 0's, 44 1's, 31 2's, 23 3's, 24 4's, 21 5's.",Directed,548,,,1
"We have: 22 0's, 45 1's, 51 2's, 41 3's, 15 4's, 32 5's.","We have: 21 0's, 41 1's, 43 2's, 35 3's, 12 4's, 24 5's.",Directed,549,,,1
"We have: 22 0's, 51 1's, 33 2's, 25 3's, 23 4's, 14 5's.","We have: 21 0's, 44 1's, 24 2's, 21 3's, 21 4's, 11 5's.",Directed,550,,,3
"We have: 22 0's, 52 1's, 33 2's, 31 3's, 21 4's, 20 5's.","We have: 20 0's, 45 1's, 23 2's, 23 3's, 20 4's, 14 5's.",Directed,551,,,2
"We have: 22 0's, 52 1's, 40 2's, 33 3's, 22 4's, 31 5's.","We have: 20 0's, 50 1's, 30 2's, 25 3's, 20 4's, 25 5's.",Directed,552,,,1
"We have: 22 0's, 53 1's, 44 2's, 32 3's, 25 4's, 25 5's.","We have: 21 0's, 52 1's, 34 2's, 25 3's, 22 4's, 21 5's.",Directed,553,,,1
"We have: 23 0's, 42 1's, 45 2's, 32 3's, 15 4's, 25 5's.","We have: 22 0's, 40 1's, 40 2's, 25 3's, 12 4's, 21 5's.",Directed,554,,,2
"We have: 23 0's, 43 1's, 40 2's, 40 3's, 34 4's, 23 5's.","We have: 20 0's, 42 1's, 33 2's, 31 3's, 25 4's, 22 5's.",Directed,555,,,1
"We have: 23 0's, 43 1's, 45 2's, 34 3's, 33 4's, 22 5's.","We have: 22 0's, 42 1's, 41 2's, 24 3's, 25 4's, 20 5's.",Directed,556,,,1
"We have: 23 0's, 43 1's, 50 2's, 33 3's, 25 4's, 21 5's.","We have: 21 0's, 41 1's, 42 2's, 24 3's, 23 4's, 14 5's.",Directed,557,,,1
"We have: 23 0's, 43 1's, 50 2's, 35 3's, 30 4's, 32 5's.","We have: 20 0's, 42 1's, 43 2's, 25 3's, 24 4's, 25 5's.",Directed,558,,,1
"We have: 23 0's, 44 1's, 51 2's, 32 3's, 32 4's, 22 5's.","We have: 22 0's, 42 1's, 41 2's, 24 3's, 25 4's, 20 5's.",Directed,559,,,1
"We have: 23 0's, 44 1's, 51 2's, 33 3's, 32 4's, 30 5's.","We have: 21 0's, 42 1's, 44 2's, 23 3's, 25 4's, 24 5's.",Directed,560,,,1
"We have: 23 0's, 45 1's, 35 2's, 32 3's, 30 4's, 25 5's.","We have: 21 0's, 44 1's, 31 2's, 23 3's, 24 4's, 21 5's.",Directed,561,,,1
"We have: 23 0's, 45 1's, 50 2's, 33 3's, 31 4's, 31 5's.","We have: 21 0's, 42 1's, 44 2's, 23 3's, 25 4's, 24 5's.",Directed,562,,,1
"We have: 23 0's, 50 1's, 33 2's, 25 3's, 22 4's, 15 5's.","We have: 21 0's, 44 1's, 24 2's, 21 3's, 21 4's, 11 5's.",Directed,563,,,1
"We have: 23 0's, 51 1's, 40 2's, 35 3's, 23 4's, 33 5's.","We have: 21 0's, 45 1's, 33 2's, 25 3's, 21 4's, 30 5's.",Directed,564,,,1
"We have: 23 0's, 51 1's, 44 2's, 35 3's, 32 4's, 32 5's.","We have: 22 0's, 45 1's, 40 2's, 30 3's, 25 4's, 25 5's.",Directed,565,,,1
"We have: 23 0's, 52 1's, 43 2's, 42 3's, 30 4's, 31 5's.","We have: 21 0's, 50 1's, 35 2's, 33 3's, 23 4's, 25 5's.",Directed,566,,,1
"We have: 23 0's, 53 1's, 41 2's, 43 3's, 30 4's, 31 5's.","We have: 21 0's, 50 1's, 35 2's, 33 3's, 23 4's, 25 5's.",Directed,567,,,1
"We have: 23 0's, 54 1's, 41 2's, 34 3's, 30 4's, 23 5's.","We have: 21 0's, 52 1's, 34 2's, 25 3's, 22 4's, 21 5's.",Directed,568,,,1
"We have: 24 0's, 42 1's, 35 2's, 31 3's, 23 4's, 20 5's.","We have: 22 0's, 40 1's, 30 2's, 23 3's, 20 4's, 14 5's.",Directed,569,,,1
"We have: 24 0's, 43 1's, 50 2's, 33 3's, 32 4's, 22 5's.","We have: 22 0's, 42 1's, 41 2's, 24 3's, 25 4's, 20 5's.",Directed,570,,,1
"We have: 24 0's, 43 1's, 51 2's, 42 3's, 20 4's, 30 5's.","We have: 21 0's, 41 1's, 43 2's, 35 3's, 12 4's, 24 5's.",Directed,571,,,1
"We have: 24 0's, 44 1's, 50 2's, 31 3's, 34 4's, 30 5's.","We have: 21 0's, 42 1's, 44 2's, 23 3's, 25 4's, 24 5's.",Directed,572,,,1
"We have: 24 0's, 44 1's, 50 2's, 41 3's, 21 4's, 30 5's.","We have: 21 0's, 41 1's, 43 2's, 35 3's, 12 4's, 24 5's.",Directed,573,,,1
"We have: 24 0's, 45 1's, 40 2's, 34 3's, 32 4's, 30 5's.","We have: 21 0's, 44 1's, 33 2's, 30 3's, 23 4's, 24 5's.",Directed,574,,,1
"We have: 24 0's, 50 1's, 32 2's, 30 3's, 23 4's, 13 5's.","We have: 21 0's, 44 1's, 24 2's, 21 3's, 21 4's, 11 5's.",Directed,575,,,2
"We have: 24 0's, 50 1's, 50 2's, 31 3's, 31 4's, 31 5's.","We have: 21 0's, 42 1's, 44 2's, 23 3's, 25 4's, 24 5's.",Directed,576,,,1
"We have: 24 0's, 51 1's, 33 2's, 44 3's, 40 4's, 24 5's.","We have: 22 0's, 45 1's, 30 2's, 41 3's, 30 4's, 22 5's.",Directed,577,,,1
"We have: 24 0's, 54 1's, 41 2's, 32 3's, 31 4's, 20 5's.","We have: 22 0's, 51 1's, 33 2's, 25 3's, 23 4's, 14 5's.",Directed,578,,,1
"We have: 24 0's, 54 1's, 41 2's, 34 3's, 30 4's, 22 5's.","We have: 22 0's, 52 1's, 33 2's, 31 3's, 21 4's, 20 5's.",Directed,579,,,1
"We have: 25 0's, 100 1's, 41 2's, 31 3's, 25 4's, 21 5's.","We have: 22 0's, 51 1's, 33 2's, 25 3's, 23 4's, 14 5's.",Directed,580,,,1
"We have: 25 0's, 50 1's, 45 2's, 24 3's, 30 4's, 30 5's.","We have: 21 0's, 45 1's, 42 2's, 21 3's, 23 4's, 22 5's.",Directed,581,,,1
"We have: 25 0's, 52 1's, 42 2's, 33 3's, 25 4's, 21 5's.","We have: 24 0's, 50 1's, 32 2's, 30 3's, 23 4's, 13 5's.",Directed,582,,,1
"We have: 3 0's, 10 1's, 10 2's, 13 3's, 3 4's, 4 5's.","We have: 2 1's, 5 2's, 5 3's, 1 4, 3 5's.",Directed,583,,,1
"We have: 3 0's, 10 1's, 3 2's, 10 3's, 2 5's.","We have: 3 1's, 1 2, 3 3's, 1 5.",Directed,584,,,30
"We have: 3 0's, 10 1's, 3 2's, 10 3's, 2 4's.","We have: 3 1's, 1 2, 3 3's, 1 4.",Directed,585,,,2
"We have: 3 0's, 10 1's, 3 2's, 10 3's, 2 4's, 2 5's.","We have: 3 1's, 3 3's, 1 4, 1 5.",Directed,586,,,5
"We have: 3 0's, 10 1's, 4 2's, 10 3's, 3 4's, 2 5's.","We have: 3 1's, 2 2's, 3 3's, 1 4, 1 5.",Directed,587,,,1
"We have: 3 0's, 11 1's, 10 2's, 5 3's, 3 4's, 4 5's.","We have: 1 0, 3 1's, 5 2's, 2 3's, 1 4, 2 5's.",Directed,588,,,1
"We have: 3 0's, 11 1's, 12 2's, 5 3's, 5 4's, 5 5's.","We have: 2 0's, 3 1's, 10 2's, 3 3's, 4 4's, 1 5.",Directed,589,,,14
"We have: 3 0's, 11 1's, 5 2's, 10 3's, 4 4's, 3 5's.","We have: 1 0, 3 1's, 4 2's, 3 3's, 2 4's, 1 5.",Directed,590,,,2
"We have: 3 0's, 12 1's, 11 2's, 10 3's, 3 4's, 2 5's.","We have: 1 0, 3 1's, 4 2's, 3 3's, 2 4's, 1 5.",Directed,591,,,2
"We have: 3 0's, 12 1's, 11 2's, 11 3's, 10 4's, 10 5's.","We have: 5 2's, 5 3's, 5 4's, 5 5's.",Directed,592,,,7
"We have: 3 0's, 12 1's, 12 2's, 11 3's, 5 5's.","We have: 2 0's, 3 1's, 5 2's, 5 3's, 3 5's.",Directed,593,,,28
"We have: 3 0's, 12 1's, 3 2's, 10 3's, 1 4, 1 5.","We have: 1 0, 3 1's, 1 2, 3 3's.",Directed,594,,,5
"We have: 3 0's, 13 1's, 11 2's, 11 3's, 5 4's, 3 5's.","We have: 2 0's, 3 1's, 10 2's, 3 3's, 4 4's, 1 5.",Directed,595,,,2
"We have: 3 0's, 13 1's, 11 2's, 12 3's, 1 4, 5 5's.","We have: 2 0's, 3 1's, 5 2's, 5 3's, 3 5's.",Directed,596,,,1
"We have: 3 0's, 13 1's, 12 2's, 11 3's, 5 4's, 4 5's.","We have: 2 0's, 4 1's, 10 2's, 4 3's, 3 4's, 2 5's.",Directed,597,,,2
"We have: 3 0's, 13 1's, 13 2's, 10 3's, 10 4's, 4 5's.","We have: 4 1's, 12 2's, 2 3's, 4 4's, 3 5's.",Directed,598,,,3
"We have: 3 0's, 13 1's, 13 2's, 14 3's, 12 4's, 3 5's.","We have: 2 0's, 4 1's, 11 2's, 5 3's, 10 4's, 2 5's.",Directed,599,,,8
"We have: 3 0's, 13 1's, 4 2's, 12 3's, 5 4's, 10 5's.","We have: 1 0, 5 1's, 2 2's, 5 3's, 3 4's, 4 5's.",Directed,600,,,17
"We have: 3 0's, 13 1's, 5 2's, 12 3's, 4 4's, 10 5's.","We have: 1 0, 5 1's, 3 2's, 5 3's, 2 4's, 4 5's.",Directed,601,,,2
"We have: 3 0's, 14 1's, 11 3's, 5 4's, 10 5's.","We have: 1 0, 5 1's, 5 3's, 3 4's, 4 5's.",Directed,602,,,9
"We have: 3 0's, 14 1's, 13 2's, 10 3's, 3 4's, 10 5's.","We have: 5 1's, 12 2's, 2 3's, 1 4, 5 5's.",Directed,603,,,1
"We have: 3 0's, 14 1's, 2 2's, 11 3's, 5 4's, 10 5's.","We have: 1 0, 5 1's, 5 3's, 3 4's, 4 5's.",Directed,604,,,3
"We have: 3 0's, 14 1's, 4 2's, 11 3's, 5 4's, 10 5's.","We have: 1 0, 5 1's, 3 2's, 5 3's, 2 4's, 4 5's.",Directed,605,,,51
"We have: 3 0's, 15 1's, 13 2's, 11 3's, 3 4's, 10 5's.","We have: 1 0, 5 1's, 12 2's, 3 3's, 2 4's, 4 5's.",Directed,606,,,1
"We have: 3 0's, 20 1's, 10 2's, 12 3's, 3 4's, 5 5's.","We have: 13 1's, 3 2's, 5 3's, 2 4's, 3 5's.",Directed,607,,,7
"We have: 3 0's, 20 1's, 13 2's, 14 3's, 5 4's, 10 5's.","We have: 12 1's, 11 2's, 11 3's, 3 4's, 4 5's.",Directed,608,,,16
"We have: 3 0's, 21 1's, 15 2's, 12 3's, 5 4's, 11 5's.","We have: 2 0's, 11 1's, 12 2's, 10 3's, 4 4's, 4 5's.",Directed,609,,,4
"We have: 3 0's, 21 1's, 5 2's, 10 3's, 10 4's, 4 5's.","We have: 13 1's, 3 2's, 4 3's, 4 4's, 2 5's.",Directed,610,,,5
"We have: 3 0's, 21 1's, 5 2's, 11 3's, 5 4's, 3 5's.","We have: 2 0's, 13 1's, 3 2's, 4 3's, 4 4's.",Directed,611,,,1
"We have: 3 0's, 22 1's, 11 2's, 11 3's, 2 4's, 4 5's.","We have: 2 0's, 13 1's, 3 2's, 5 3's, 3 5's.",Directed,612,,,1
"We have: 3 0's, 22 1's, 23 2's, 12 3's, 5 4's, 12 5's.","We have: 2 0's, 15 1's, 13 2's, 5 3's, 4 4's, 10 5's.",Directed,613,,,7
"We have: 3 0's, 22 1's, 24 2's, 2 3's, 11 4's, 12 5's.","We have: 2 0's, 14 1's, 14 2's, 5 4's, 11 5's.",Directed,614,,,12
"We have: 3 0's, 23 1's, 15 2's, 5 3's, 10 4's, 14 5's.","We have: 1 0, 15 1's, 13 2's, 2 3's, 4 4's, 11 5's.",Directed,615,,,1
"We have: 3 0's, 23 1's, 20 2's, 15 3's, 12 4's, 11 5's.","We have: 1 0, 14 1's, 12 2's, 12 3's, 11 4's, 5 5's.",Directed,616,,,2
"We have: 3 0's, 23 1's, 21 2's, 13 3's, 5 4's, 12 5's.","We have: 2 0's, 15 1's, 13 2's, 5 3's, 4 4's, 10 5's.",Directed,617,,,1
"We have: 3 0's, 23 1's, 22 2's, 11 3's, 12 4's, 10 5's.","We have: 1 0, 14 1's, 13 2's, 4 3's, 11 4's, 5 5's.",Directed,618,,,1
"We have: 3 0's, 24 1's, 15 2's, 10 3's, 14 4's, 11 5's.","We have: 1 0, 14 1's, 13 2's, 4 3's, 11 4's, 5 5's.",Directed,619,,,20
"We have: 3 0's, 4 1's, 10 2's, 4 3's, 3 4's, 3 5's.","We have: 1 0, 2 1's, 5 2's, 2 5's.",Directed,620,,,2
"We have: 3 0's, 41 1's, 24 2's, 31 3's, 23 4's, 14 5's.","We have: 2 0's, 33 1's, 21 2's, 23 3's, 15 4's, 13 5's.",Directed,621,,,2
"We have: 3 0's, 5 1's, 10 3's, 3 5's.","We have: 1 0, 3 1's, 3 3's, 1 5.",Directed,622,,,27
"We have: 3 0's, 5 1's, 10 2's, 3 3's, 1 4, 5 5's.","We have: 1 0, 2 1's, 5 2's, 2 5's.",Directed,623,,,13
"We have: 3 0's, 5 1's, 10 2's, 4 3's, 4 4's, 5 5's.","We have: 1 0, 3 1's, 5 2's, 2 3's, 1 4, 2 5's.",Directed,624,,,5
"We have: 3 0's, 5 1's, 2 2's, 10 3's, 3 5's.","We have: 1 0, 3 1's, 3 3's, 1 5.",Directed,625,,,11
"We have: 3 0's, 5 1's, 3 2's, 10 3's, 2 5's.","We have: 1 0, 3 1's, 1 2, 3 3's.",Directed,626,,,4
"We have: 3 0's, 5 1's, 3 2's, 10 3's, 2 4's, 2 5's.","We have: 1 0, 3 1's, 3 3's, 1 4.",Directed,627,,,2
"We have: 3 0's, 5 1's, 4 2's, 10 3's, 2 4's, 3 5's.","We have: 1 0, 3 1's, 2 2's, 3 3's, 1 5.",Directed,628,,,16
"We have: 3 0's, 5 1's, 4 2's, 10 3's, 3 4's, 2 5's.","We have: 1 0, 3 1's, 2 2's, 3 3's, 1 4.",Directed,629,,,2
"We have: 3 0's, 5 1's, 5 2's, 10 3's, 3 4's, 5 5's.","We have: 1 0, 3 1's, 4 2's, 3 3's, 2 4's, 1 5.",Directed,630,,,21
"We have: 30 0's, 44 1's, 52 2's, 40 3's, 23 4's, 31 5's.","We have: 23 0's, 42 1's, 45 2's, 32 3's, 15 4's, 25 5's.",Directed,631,,,1
"We have: 4 0's, 10 1's, 10 2's, 10 3's, 4 4's, 5 5's.","We have: 2 1's, 5 2's, 5 3's, 1 4, 3 5's.",Directed,632,,,9
"We have: 4 0's, 10 1's, 12 2's, 10 3's, 2 4's, 5 5's.","We have: 1 0, 2 1's, 5 2's, 5 3's, 3 5's.",Directed,633,,,2
"We have: 4 0's, 10 1's, 3 2's, 10 3's, 3 4's.","We have: 1 0, 3 1's, 2 2's, 3 3's, 1 4.",Directed,634,,,5
"We have: 4 0's, 11 1's, 10 2's, 10 3's, 4 4's, 4 5's.","We have: 1 0, 2 1's, 5 2's, 5 3's, 3 5's.",Directed,635,,,6
"We have: 4 0's, 12 1's, 11 2's, 10 3's, 4 4's, 4 5's.","We have: 2 0's, 3 1's, 5 2's, 5 3's, 3 5's.",Directed,636,,,1
"We have: 4 0's, 12 1's, 20 2's, 12 3's, 11 4's, 3 5's.","We have: 2 0's, 3 1's, 12 2's, 10 3's, 5 4's, 2 5's.",Directed,637,,,7
"We have: 4 0's, 12 1's, 20 2's, 5 3's, 5 4's, 12 5's.","We have: 2 0's, 5 1's, 12 2's, 4 3's, 3 4's, 5 5's.",Directed,638,,,1
"We have: 4 0's, 12 1's, 22 2's, 2 3's, 2 4's, 10 5's.","We have: 2 0's, 5 1's, 12 2's, 1 3, 5 5's.",Directed,639,,,1
"We have: 4 0's, 12 1's, 3 2's, 12 3's, 4 4's, 4 5's.","We have: 3 0's, 5 1's, 10 3's, 3 5's.",Directed,640,,,1
"We have: 4 0's, 12 1's, 3 2's, 13 3's, 2 4's, 5 5's.","We have: 3 0's, 5 1's, 10 3's, 3 5's.",Directed,641,,,2
"We have: 4 0's, 12 1's, 4 2's, 13 3's, 3 4's, 5 5's.","We have: 3 0's, 5 1's, 2 2's, 10 3's, 3 5's.",Directed,642,,,10
"We have: 4 0's, 12 1's, 5 2's, 13 3's, 3 4's, 4 5's.","We have: 3 0's, 5 1's, 3 2's, 10 3's, 2 5's.",Directed,643,,,1
"We have: 4 0's, 13 1's, 1 2, 13 3's, 4 4's, 4 5's.","We have: 3 0's, 5 1's, 10 3's, 3 5's.",Directed,644,,,1
"We have: 4 0's, 13 1's, 10 2's, 12 3's, 2 4's, 5 5's.","We have: 2 0's, 5 1's, 3 2's, 10 3's, 3 5's.",Directed,645,,,1
"We have: 4 0's, 13 1's, 11 2's, 10 3's, 5 4's, 5 5's.","We have: 2 0's, 4 1's, 10 2's, 4 3's, 3 4's, 2 5's.",Directed,646,,,6
"We have: 4 0's, 13 1's, 13 2's, 4 3's, 4 4's, 10 5's.","We have: 2 0's, 5 1's, 12 2's, 1 3, 5 5's.",Directed,647,,,3
"We have: 4 0's, 13 1's, 4 2's, 13 3's, 10 4's, 4 5's.","We have: 2 0's, 5 1's, 3 2's, 10 3's, 2 4's, 3 5's.",Directed,648,,,1
"We have: 4 0's, 13 1's, 4 2's, 13 3's, 5 4's, 5 5's.","We have: 3 0's, 10 1's, 3 2's, 10 3's, 2 4's, 2 5's.",Directed,649,,,4
"We have: 4 0's, 13 1's, 5 2's, 11 3's, 10 4's, 4 5's.","We have: 2 0's, 4 1's, 4 2's, 5 3's, 3 4's, 2 5's.",Directed,650,,,2
"We have: 4 0's, 13 1's, 5 2's, 12 3's, 4 4's, 4 5's.","We have: 3 0's, 10 1's, 3 2's, 10 3's, 2 5's.",Directed,651,,,1
"We have: 4 0's, 13 1's, 5 2's, 13 3's, 2 4's, 5 5's.","We have: 3 0's, 10 1's, 3 2's, 10 3's, 2 5's.",Directed,652,,,24
"We have: 4 0's, 13 1's, 5 2's, 13 3's, 5 4's, 10 5's.","We have: 2 0's, 5 1's, 4 2's, 10 3's, 3 4's, 3 5's.",Directed,653,,,8
"We have: 4 0's, 14 1's, 1 2, 11 3's, 4 4's, 5 5's.","We have: 3 0's, 5 1's, 10 3's, 3 5's.",Directed,654,,,14
"We have: 4 0's, 14 1's, 12 2's, 4 3's, 5 4's, 11 5's.","We have: 3 0's, 5 1's, 10 2's, 3 3's, 1 4, 5 5's.",Directed,655,,,12
"We have: 4 0's, 14 1's, 4 2's, 11 3's, 10 4's, 5 5's.","We have: 2 0's, 5 1's, 3 2's, 10 3's, 2 4's, 3 5's.",Directed,656,,,16
"We have: 4 0's, 14 1's, 4 2's, 11 3's, 5 4's, 4 5's.","We have: 3 0's, 10 1's, 3 2's, 10 3's, 2 5's.",Directed,657,,,4
"We have: 4 0's, 15 1's, 12 2's, 11 3's, 5 4's, 12 5's.","We have: 3 0's, 5 1's, 5 2's, 10 3's, 3 4's, 5 5's.",Directed,658,,,19
"We have: 4 0's, 15 1's, 13 2's, 5 3's, 2 4's, 10 5's.","We have: 2 0's, 11 1's, 11 2's, 3 3's, 3 5's.",Directed,659,,,8
"We have: 4 0's, 15 1's, 13 2's, 5 3's, 4 4's, 10 5's.","We have: 2 0's, 11 1's, 12 2's, 3 3's, 1 4, 3 5's.",Directed,660,,,2
"We have: 4 0's, 15 1's, 4 2's, 10 3's, 11 4's, 10 5's.","We have: 1 0, 5 1's, 3 2's, 5 3's, 4 4's, 4 5's.",Directed,661,,,35
"We have: 4 0's, 15 1's, 5 2's, 12 3's, 3 4's, 5 5's.","We have: 3 0's, 12 1's, 3 2's, 10 3's, 1 4, 1 5.",Directed,662,,,2
"We have: 4 0's, 21 1's, 11 2's, 11 3's, 5 4's, 11 5's.","We have: 3 0's, 5 1's, 5 2's, 10 3's, 3 4's, 5 5's.",Directed,663,,,1
"We have: 4 0's, 21 1's, 11 2's, 12 3's, 3 4's, 2 5's.","We have: 3 0's, 12 1's, 3 2's, 10 3's, 1 4, 1 5.",Directed,664,,,1
"We have: 4 0's, 22 1's, 14 2's, 13 3's, 14 4's, 11 5's.","We have: 3 0's, 12 1's, 11 2's, 11 3's, 10 4's, 10 5's.",Directed,665,,,4
"We have: 4 0's, 22 1's, 21 2's, 12 3's, 12 4's, 11 5's.","We have: 3 0's, 12 1's, 11 2's, 11 3's, 10 4's, 10 5's.",Directed,666,,,2
"We have: 4 0's, 22 1's, 22 2's, 10 3's, 13 4's, 10 5's.","We have: 1 0, 14 1's, 13 2's, 4 3's, 11 4's, 5 5's.",Directed,667,,,2
"We have: 4 0's, 23 1's, 12 2's, 14 3's, 12 4's, 11 5's.","We have: 3 0's, 13 1's, 4 2's, 12 3's, 5 4's, 10 5's.",Directed,668,,,16
"We have: 4 0's, 23 1's, 20 2's, 11 3's, 13 4's, 10 5's.","We have: 1 0, 14 1's, 13 2's, 4 3's, 11 4's, 5 5's.",Directed,669,,,1
"We have: 4 0's, 23 1's, 22 2's, 10 3's, 10 4's, 12 5's.","We have: 1 0, 15 1's, 13 2's, 4 3's, 4 4's, 11 5's.",Directed,670,,,1
"We have: 4 0's, 23 1's, 3 2's, 14 3's, 12 4's, 11 5's.","We have: 3 0's, 14 1's, 11 3's, 5 4's, 10 5's.",Directed,671,,,8
"We have: 4 0's, 23 1's, 4 2's, 14 3's, 13 4's, 11 5's.","We have: 3 0's, 14 1's, 2 2's, 11 3's, 5 4's, 10 5's.",Directed,672,,,1
"We have: 4 0's, 24 1's, 10 2's, 13 3's, 12 4's, 11 5's.","We have: 2 0's, 14 1's, 3 2's, 11 3's, 5 4's, 10 5's.",Directed,673,,,25
"We have: 4 0's, 24 1's, 12 2's, 13 3's, 12 4's, 11 5's.","We have: 3 0's, 14 1's, 4 2's, 11 3's, 5 4's, 10 5's.",Directed,674,,,6
"We have: 4 0's, 25 1's, 11 2's, 13 3's, 11 4's, 12 5's.","We have: 3 0's, 14 1's, 4 2's, 11 3's, 5 4's, 10 5's.",Directed,675,,,28
"We have: 4 0's, 25 1's, 15 2's, 11 3's, 10 4's, 13 5's.","We have: 2 0's, 15 1's, 13 2's, 5 3's, 4 4's, 10 5's.",Directed,676,,,14
"We have: 4 0's, 30 1's, 22 2's, 15 3's, 11 4's, 12 5's.","We have: 2 0's, 21 1's, 14 2's, 13 3's, 5 4's, 10 5's.",Directed,677,,,2
"We have: 4 0's, 30 1's, 32 2's, 15 3's, 21 4's, 12 5's.","We have: 2 0's, 22 1's, 24 2's, 12 3's, 15 4's, 10 5's.",Directed,678,,,5
"We have: 4 0's, 31 1's, 22 2's, 15 3's, 11 4's, 13 5's.","We have: 3 0's, 21 1's, 15 2's, 12 3's, 5 4's, 11 5's.",Directed,679,,,1
"We have: 4 0's, 31 1's, 24 2's, 22 3's, 15 4's, 13 5's.","We have: 3 0's, 23 1's, 20 2's, 15 3's, 12 4's, 11 5's.",Directed,680,,,1
"We have: 4 0's, 31 1's, 25 2's, 14 3's, 14 4's, 14 5's.","We have: 3 0's, 22 1's, 23 2's, 12 3's, 5 4's, 12 5's.",Directed,681,,,5
"We have: 4 0's, 32 1's, 24 2's, 13 3's, 21 4's, 12 5's.","We have: 3 0's, 24 1's, 15 2's, 10 3's, 14 4's, 11 5's.",Directed,682,,,10
"We have: 4 0's, 34 1's, 33 2's, 21 3's, 20 4's, 14 5's.","We have: 2 0's, 31 1's, 30 2's, 13 3's, 12 4's, 13 5's.",Directed,683,,,1
"We have: 4 0's, 35 1's, 31 2's, 25 3's, 21 4's, 20 5's.","We have: 2 0's, 32 1's, 23 2's, 22 3's, 15 4's, 13 5's.",Directed,684,,,1
"We have: 5 0's, 12 1's, 5 2's, 10 3's, 5 4's, 10 5's.","We have: 2 0's, 4 1's, 3 2's, 5 3's, 4 4's, 2 5's.",Directed,685,,,1
"We have: 5 0's, 13 1's, 10 2's, 12 3's, 2 4's, 4 5's.","We have: 3 0's, 5 1's, 3 2's, 10 3's, 2 5's.",Directed,686,,,1
"We have: 5 0's, 13 1's, 5 2's, 12 3's, 5 4's, 4 5's.","We have: 4 0's, 10 1's, 3 2's, 10 3's, 3 4's.",Directed,687,,,1
"We have: 5 0's, 13 1's, 5 2's, 13 3's, 4 4's, 10 5's.","We have: 3 0's, 5 1's, 4 2's, 10 3's, 2 4's, 3 5's.",Directed,688,,,1
"We have: 5 0's, 14 1's, 4 2's, 11 3's, 10 4's, 4 5's.","We have: 3 0's, 5 1's, 3 2's, 10 3's, 2 4's, 2 5's.",Directed,689,,,1
"We have: 5 0's, 14 1's, 5 2's, 11 3's, 5 4's, 10 5's.","We have: 3 0's, 5 1's, 4 2's, 10 3's, 3 4's, 2 5's.",Directed,690,,,1
"We have: 5 0's, 15 1's, 11 3's, 1 4, 10 5's.","We have: 3 0's, 5 1's, 10 3's, 3 5's.",Directed,691,,,3
"We have: 5 0's, 15 1's, 1 2, 11 3's, 10 5's.","We have: 3 0's, 5 1's, 10 3's, 3 5's.",Directed,692,,,1
"We have: 5 0's, 15 1's, 11 2's, 10 3's, 5 4's, 13 5's.","We have: 3 0's, 5 1's, 10 2's, 4 3's, 4 4's, 5 5's.",Directed,693,,,4
"We have: 5 0's, 15 1's, 12 2's, 13 3's, 5 4's, 13 5's.","We have: 4 0's, 10 1's, 10 2's, 10 3's, 4 4's, 5 5's.",Directed,694,,,2
"We have: 5 0's, 15 1's, 2 2's, 11 3's, 1 4, 10 5's.","We have: 3 0's, 5 1's, 10 3's, 3 5's.",Directed,695,,,4
"We have: 5 0's, 20 1's, 11 2's, 12 3's, 2 4's, 3 5's.","We have: 3 0's, 12 1's, 3 2's, 10 3's, 1 4, 1 5.",Directed,696,,,1
"We have: 5 0's, 20 1's, 15 2's, 13 3's, 12 5's.","We have: 3 0's, 12 1's, 12 2's, 11 3's, 5 5's.",Directed,697,,,12
"We have: 5 0's, 21 1's, 10 2's, 4 3's, 10 4's, 5 5's.","We have: 2 0's, 13 1's, 4 2's, 3 3's, 4 4's, 2 5's.",Directed,698,,,2
"We have: 5 0's, 21 1's, 12 2's, 11 3's, 5 4's, 10 5's.","We have: 3 0's, 11 1's, 5 2's, 10 3's, 4 4's, 3 5's.",Directed,699,,,1
"We have: 5 0's, 21 1's, 12 2's, 14 3's, 5 4's, 12 5's.","We have: 4 0's, 12 1's, 4 2's, 13 3's, 3 4's, 5 5's.",Directed,700,,,8
"We have: 5 0's, 21 1's, 13 2's, 12 3's, 5 4's, 11 5's.","We have: 4 0's, 11 1's, 10 2's, 10 3's, 4 4's, 4 5's.",Directed,701,,,5
"We have: 5 0's, 21 1's, 20 2's, 12 3's, 11 5's.","We have: 3 0's, 12 1's, 12 2's, 11 3's, 5 5's.",Directed,702,,,1
"We have: 5 0's, 21 1's, 5 2's, 10 3's, 10 5's.","We have: 2 0's, 13 1's, 3 2's, 5 3's, 3 5's.",Directed,703,,,1
"We have: 5 0's, 21 1's, 5 2's, 10 3's, 4 4's, 10 5's.","We have: 2 0's, 13 1's, 3 2's, 5 3's, 2 4's, 3 5's.",Directed,704,,,10
"We have: 5 0's, 22 1's, 13 2's, 14 3's, 10 4's, 12 5's.","We have: 3 0's, 13 1's, 5 2's, 12 3's, 4 4's, 10 5's.",Directed,705,,,1
"We have: 5 0's, 22 1's, 14 2's, 14 3's, 12 4's, 12 5's.","We have: 4 0's, 13 1's, 5 2's, 13 3's, 5 4's, 10 5's.",Directed,706,,,1
"We have: 5 0's, 22 1's, 21 2's, 15 3's, 14 4's, 10 5's.","We have: 3 0's, 13 1's, 13 2's, 14 3's, 12 4's, 3 5's.",Directed,707,,,4
"We have: 5 0's, 22 1's, 23 2's, 12 3's, 3 4's, 12 5's.","We have: 4 0's, 15 1's, 13 2's, 5 3's, 2 4's, 10 5's.",Directed,708,,,1
"We have: 5 0's, 23 1's, 15 2's, 13 3's, 4 4's, 13 5's.","We have: 4 0's, 15 1's, 13 2's, 5 3's, 2 4's, 10 5's.",Directed,709,,,1
"We have: 5 0's, 23 1's, 21 2's, 12 3's, 11 4's, 10 5's.","We have: 3 0's, 13 1's, 13 2's, 10 3's, 10 4's, 4 5's.",Directed,710,,,2
"We have: 5 0's, 23 1's, 21 2's, 12 3's, 5 4's, 13 5's.","We have: 4 0's, 15 1's, 13 2's, 5 3's, 4 4's, 10 5's.",Directed,711,,,1
"We have: 5 0's, 23 1's, 21 2's, 13 3's, 3 4's, 12 5's.","We have: 4 0's, 15 1's, 13 2's, 5 3's, 2 4's, 10 5's.",Directed,712,,,1
"We have: 5 0's, 23 1's, 22 2's, 11 3's, 4 4's, 12 5's.","We have: 4 0's, 15 1's, 13 2's, 5 3's, 2 4's, 10 5's.",Directed,713,,,1
"We have: 5 0's, 24 1's, 10 2's, 12 3's, 11 4's, 12 5's.","We have: 3 0's, 14 1's, 2 2's, 11 3's, 5 4's, 10 5's.",Directed,714,,,1
"We have: 5 0's, 24 1's, 11 2's, 14 3's, 12 4's, 11 5's.","We have: 4 0's, 13 1's, 4 2's, 13 3's, 5 4's, 5 5's.",Directed,715,,,3
"We have: 5 0's, 24 1's, 11 2's, 15 3's, 11 4's, 13 5's.","We have: 4 0's, 13 1's, 5 2's, 13 3's, 5 4's, 10 5's.",Directed,716,,,6
"We have: 5 0's, 24 1's, 12 2's, 13 3's, 12 4's, 11 5's.","We have: 4 0's, 14 1's, 4 2's, 11 3's, 10 4's, 5 5's.",Directed,717,,,9
"We have: 5 0's, 24 1's, 12 2's, 13 3's, 13 4's, 12 5's.","We have: 4 0's, 15 1's, 4 2's, 10 3's, 11 4's, 10 5's.",Directed,718,,,13
"We have: 5 0's, 24 1's, 13 2's, 13 3's, 11 4's, 11 5's.","We have: 4 0's, 13 1's, 11 2's, 10 3's, 5 4's, 5 5's.",Directed,719,,,3
"We have: 5 0's, 24 1's, 14 2's, 11 3's, 12 4's, 11 5's.","We have: 4 0's, 13 1's, 11 2's, 10 3's, 5 4's, 5 5's.",Directed,720,,,2
"We have: 5 0's, 24 1's, 14 2's, 13 3's, 14 4's, 14 5's.","We have: 4 0's, 15 1's, 12 2's, 11 3's, 5 4's, 12 5's.",Directed,721,,,1
"We have: 5 0's, 24 1's, 21 2's, 10 3's, 10 4's, 12 5's.","We have: 2 0's, 15 1's, 13 2's, 5 3's, 4 4's, 10 5's.",Directed,722,,,1
"We have: 5 0's, 24 1's, 21 2's, 12 3's, 12 4's, 14 5's.","We have: 4 0's, 15 1's, 12 2's, 11 3's, 5 4's, 12 5's.",Directed,723,,,1
"We have: 5 0's, 24 1's, 4 2's, 12 3's, 11 4's, 11 5's.","We have: 4 0's, 14 1's, 1 2, 11 3's, 4 4's, 5 5's.",Directed,724,,,1
"We have: 5 0's, 25 1's, 11 2's, 13 3's, 11 4's, 11 5's.","We have: 4 0's, 13 1's, 5 2's, 11 3's, 10 4's, 4 5's.",Directed,725,,,1
"We have: 5 0's, 25 1's, 11 2's, 13 3's, 11 4's, 12 5's.","We have: 4 0's, 14 1's, 4 2's, 11 3's, 10 4's, 5 5's.",Directed,726,,,6
"We have: 5 0's, 25 1's, 11 2's, 13 3's, 12 4's, 13 5's.","We have: 4 0's, 15 1's, 4 2's, 10 3's, 11 4's, 10 5's.",Directed,727,,,1
"We have: 5 0's, 25 1's, 20 2's, 15 3's, 11 4's, 14 5's.","We have: 3 0's, 20 1's, 13 2's, 14 3's, 5 4's, 10 5's.",Directed,728,,,2
"We have: 5 0's, 30 1's, 15 2's, 15 3's, 10 4's, 15 5's.","We have: 2 0's, 21 1's, 14 2's, 13 3's, 5 4's, 10 5's.",Directed,729,,,9
"We have: 5 0's, 30 1's, 22 2's, 15 3's, 10 4's, 14 5's.","We have: 2 0's, 22 1's, 15 2's, 13 3's, 4 4's, 11 5's.",Directed,730,,,1
"We have: 5 0's, 31 1's, 23 2's, 15 3's, 14 4's, 15 5's.","We have: 4 0's, 22 1's, 21 2's, 12 3's, 12 4's, 11 5's.",Directed,731,,,1
"We have: 5 0's, 31 1's, 25 2's, 12 3's, 15 4's, 14 5's.","We have: 4 0's, 22 1's, 22 2's, 10 3's, 13 4's, 10 5's.",Directed,732,,,1
"We have: 5 0's, 32 1's, 11 2's, 13 3's, 11 4's, 10 5's.","We have: 3 0's, 21 1's, 5 2's, 10 3's, 10 4's, 4 5's.",Directed,733,,,4
"We have: 5 0's, 32 1's, 11 2's, 22 3's, 13 4's, 13 5's.","We have: 4 0's, 23 1's, 3 2's, 14 3's, 12 4's, 11 5's.",Directed,734,,,6
"We have: 5 0's, 32 1's, 13 2's, 23 3's, 13 4's, 13 5's.","We have: 4 0's, 24 1's, 10 2's, 13 3's, 12 4's, 11 5's.",Directed,735,,,9
"We have: 5 0's, 32 1's, 15 2's, 21 3's, 13 4's, 15 5's.","We have: 4 0's, 23 1's, 12 2's, 14 3's, 12 4's, 11 5's.",Directed,736,,,10
"We have: 5 0's, 32 1's, 42 2's, 22 3's, 23 4's, 15 5's.","We have: 4 0's, 30 1's, 32 2's, 15 3's, 21 4's, 12 5's.",Directed,737,,,2
"We have: 5 0's, 33 1's, 13 2's, 23 3's, 13 4's, 14 5's.","We have: 4 0's, 25 1's, 11 2's, 13 3's, 11 4's, 12 5's.",Directed,738,,,12
"We have: 5 0's, 34 1's, 13 2's, 21 3's, 13 4's, 15 5's.","We have: 4 0's, 25 1's, 11 2's, 13 3's, 11 4's, 12 5's.",Directed,739,,,2
"We have: 5 0's, 35 1's, 25 2's, 30 3's, 20 4's, 21 5's.","We have: 2 0's, 33 1's, 21 2's, 23 3's, 15 4's, 13 5's.",Directed,740,,,1
