"[0, 0, 2, 0, 0]"
"[0, 0, 3, 3, 0]","[0, 0, 2, 0, 0]"
"[0, 0, 4, 0, 2]","[0, 0, 2, 0, 0]"
"[0, 2, 3, 2, 1]"
"[0, 3, 1, 3, 1]"
"[1, 2, 3, 2, 0]"
"[1, 3, 0, 3, 1]"
"[1, 3, 1, 3, 0]"
"[0, 11, 1, 1, 1]"
"[1, 11, 0, 1, 1]"
"[1, 11, 1, 0, 1]"
"[1, 11, 1, 1, 0]"
"[2, 2, 10, 0, 0]","[0, 0, 2, 0, 0]"
"[1, 3, 2, 3, 1]"
"[1, 11, 2, 1, 1]"
"[0, 0, 4, 4, 4]","[0, 0, 3, 3, 0]","[0, 0, 2, 0, 0]"
"[0, 2, 12, 0, 4]","[0, 0, 4, 0, 2]","[0, 0, 2, 0, 0]"
"[2, 3, 10, 2, 1]","[0, 0, 2, 0, 0]"
"[0, 2, 12, 3, 3]","[0, 0, 4, 0, 2]","[0, 0, 2, 0, 0]"
"[0, 2, 12, 4, 2]","[0, 0, 3, 3, 0]","[0, 0, 2, 0, 0]"
"[0, 3, 11, 2, 4]","[0, 0, 4, 0, 2]","[0, 0, 2, 0, 0]"
"[1, 3, 12, 2, 4]","[0, 0, 4, 0, 2]","[0, 0, 2, 0, 0]"
"[1, 11, 11, 2, 3]","[0, 0, 4, 0, 2]","[0, 0, 2, 0, 0]"
"[2, 10, 11, 1, 4]","[0, 0, 4, 0, 2]","[0, 0, 2, 0, 0]"
"[3, 4, 4, 10, 3]","[1, 2, 3, 2, 0]"
"[3, 11, 12, 3, 0]","[2, 2, 10, 0, 0]","[0, 0, 2, 0, 0]"
"[1, 13, 3, 11, 2]","[0, 3, 1, 3, 1]"
"[2, 11, 10, 4, 3]","[0, 2, 3, 2, 1]"
"[2, 13, 3, 4, 3]","[1, 11, 1, 0, 1]"
"[2, 13, 3, 11, 1]","[1, 3, 1, 3, 0]"
"[2, 13, 4, 2, 4]","[1, 11, 1, 0, 1]"
"[3, 10, 4, 10, 3]","[0, 2, 3, 2, 1]"
"[3, 11, 10, 4, 2]","[1, 2, 3, 2, 0]"
"[4, 10, 13, 2, 2]","[2, 2, 10, 0, 0]","[0, 0, 2, 0, 0]"
"[0, 12, 14, 0, 11]","[0, 2, 12, 0, 4]","[0, 0, 4, 0, 2]","[0, 0, 2, 0, 0]"
"[3, 14, 3, 10, 3]","[1, 11, 2, 1, 1]"
"[0, 12, 14, 4, 11]","[0, 2, 12, 3, 3]","[0, 0, 4, 0, 2]","[0, 0, 2, 0, 0]"
"[1, 13, 14, 2, 11]","[0, 2, 12, 0, 4]","[0, 0, 4, 0, 2]","[0, 0, 2, 0, 0]"
"[2, 12, 21, 1, 10]","[0, 2, 12, 0, 4]","[0, 0, 4, 0, 2]","[0, 0, 2, 0, 0]"
"[3, 11, 20, 2, 10]","[0, 2, 12, 0, 4]","[0, 0, 4, 0, 2]","[0, 0, 2, 0, 0]"
"[4, 13, 11, 10, 3]","[2, 3, 10, 2, 1]","[0, 0, 2, 0, 0]"
"[3, 10, 20, 12, 3]","[0, 2, 12, 4, 2]","[0, 0, 3, 3, 0]","[0, 0, 2, 0, 0]"
"[3, 12, 14, 10, 10]","[0, 2, 12, 3, 3]","[0, 0, 4, 0, 2]","[0, 0, 2, 0, 0]"
"[3, 12, 20, 4, 11]","[1, 3, 12, 2, 4]","[0, 0, 4, 0, 2]","[0, 0, 2, 0, 0]"
"[3, 14, 13, 4, 12]","[2, 10, 11, 1, 4]","[0, 0, 4, 0, 2]","[0, 0, 2, 0, 0]"
"[3, 14, 13, 10, 11]","[1, 3, 12, 2, 4]","[0, 0, 4, 0, 2]","[0, 0, 2, 0, 0]"
"[10, 20, 13, 4, 10]","[1, 11, 11, 2, 3]","[0, 0, 4, 0, 2]","[0, 0, 2, 0, 0]"
"[10, 20, 14, 2, 11]","[2, 10, 11, 1, 4]","[0, 0, 4, 0, 2]","[0, 0, 2, 0, 0]"
"[3, 22, 11, 14, 3]","[2, 13, 3, 11, 1]","[1, 3, 1, 3, 0]"
"[10, 21, 13, 12, 3]","[3, 11, 10, 4, 2]","[1, 2, 3, 2, 0]"
"[1, 21, 23, 3, 12]","[0, 12, 14, 0, 11]","[0, 2, 12, 0, 4]","[0, 0, 4, 0, 2]","[0, 0, 2, 0, 0]"
"[11, 24, 10, 10, 10]","[2, 13, 3, 4, 3]","[1, 11, 1, 0, 1]"
"[2, 21, 23, 4, 14]","[1, 13, 14, 2, 11]","[0, 2, 12, 0, 4]","[0, 0, 4, 0, 2]","[0, 0, 2, 0, 0]"
"[11, 24, 13, 13, 10]","[4, 13, 11, 10, 3]","[2, 3, 10, 2, 1]","[0, 0, 2, 0, 0]"
"[4, 14, 23, 14, 12]","[3, 10, 20, 12, 3]","[0, 2, 12, 4, 2]","[0, 0, 3, 3, 0]","[0, 0, 2, 0, 0]"
"[4, 21, 23, 13, 12]","[3, 12, 14, 10, 10]","[0, 2, 12, 3, 3]","[0, 0, 4, 0, 2]","[0, 0, 2, 0, 0]"
"[11, 20, 23, 14, 10]","[3, 10, 20, 12, 3]","[0, 2, 12, 4, 2]","[0, 0, 3, 3, 0]","[0, 0, 2, 0, 0]"
"[4, 21, 23, 13, 13]","[3, 12, 20, 4, 11]","[1, 3, 12, 2, 4]","[0, 0, 4, 0, 2]","[0, 0, 2, 0, 0]"
"[10, 22, 23, 13, 11]","[3, 12, 14, 10, 10]","[0, 2, 12, 3, 3]","[0, 0, 4, 0, 2]","[0, 0, 2, 0, 0]"
"[10, 22, 24, 11, 12]","[3, 12, 14, 10, 10]","[0, 2, 12, 3, 3]","[0, 0, 4, 0, 2]","[0, 0, 2, 0, 0]"
"[4, 22, 23, 12, 14]","[3, 14, 13, 10, 11]","[1, 3, 12, 2, 4]","[0, 0, 4, 0, 2]","[0, 0, 2, 0, 0]"
"[4, 23, 21, 13, 14]","[3, 14, 13, 10, 11]","[1, 3, 12, 2, 4]","[0, 0, 4, 0, 2]","[0, 0, 2, 0, 0]"
"[10, 22, 24, 11, 13]","[3, 12, 20, 4, 11]","[1, 3, 12, 2, 4]","[0, 0, 4, 0, 2]","[0, 0, 2, 0, 0]"
"[10, 23, 22, 13, 13]","[3, 14, 13, 4, 12]","[2, 10, 11, 1, 4]","[0, 0, 4, 0, 2]","[0, 0, 2, 0, 0]"
"[10, 24, 21, 13, 13]","[3, 14, 13, 10, 11]","[1, 3, 12, 2, 4]","[0, 0, 4, 0, 2]","[0, 0, 2, 0, 0]"
"[10, 24, 22, 11, 14]","[3, 14, 13, 10, 11]","[1, 3, 12, 2, 4]","[0, 0, 4, 0, 2]","[0, 0, 2, 0, 0]"
"[11, 30, 20, 11, 14]","[3, 14, 13, 4, 12]","[2, 10, 11, 1, 4]","[0, 0, 4, 0, 2]","[0, 0, 2, 0, 0]"
"[11, 31, 21, 4, 14]","[10, 20, 14, 2, 11]","[2, 10, 11, 1, 4]","[0, 0, 4, 0, 2]","[0, 0, 2, 0, 0]"
"[4, 32, 14, 21, 11]","[3, 22, 11, 14, 3]","[2, 13, 3, 11, 1]","[1, 3, 1, 3, 0]"
"[11, 32, 22, 11, 11]","[10, 20, 13, 4, 10]","[1, 11, 11, 2, 3]","[0, 0, 4, 0, 2]","[0, 0, 2, 0, 0]"
"[12, 24, 23, 10, 13]","[10, 20, 14, 2, 11]","[2, 10, 11, 1, 4]","[0, 0, 4, 0, 2]","[0, 0, 2, 0, 0]"
"[13, 30, 20, 13, 11]","[10, 20, 13, 4, 10]","[1, 11, 11, 2, 3]","[0, 0, 4, 0, 2]","[0, 0, 2, 0, 0]"
"[2, 31, 31, 12, 13]","[1, 21, 23, 3, 12]","[0, 12, 14, 0, 11]","[0, 2, 12, 0, 4]","[0, 0, 4, 0, 2]","[0, 0, 2, 0, 0]"
"[4, 24, 31, 10, 20]","[1, 21, 23, 3, 12]","[0, 12, 14, 0, 11]","[0, 2, 12, 0, 4]","[0, 0, 4, 0, 2]","[0, 0, 2, 0, 0]"
"[12, 31, 22, 14, 10]","[10, 21, 13, 12, 3]","[3, 11, 10, 4, 2]","[1, 2, 3, 2, 0]"
"[10, 30, 30, 12, 13]","[1, 21, 23, 3, 12]","[0, 12, 14, 0, 11]","[0, 2, 12, 0, 4]","[0, 0, 4, 0, 2]","[0, 0, 2, 0, 0]"
"[3, 24, 32, 13, 21]","[2, 21, 23, 4, 14]","[1, 13, 14, 2, 11]","[0, 2, 12, 0, 4]","[0, 0, 4, 0, 2]","[0, 0, 2, 0, 0]"
"[4, 30, 31, 12, 21]","[2, 21, 23, 4, 14]","[1, 13, 14, 2, 11]","[0, 2, 12, 0, 4]","[0, 0, 4, 0, 2]","[0, 0, 2, 0, 0]"
"[10, 31, 31, 12, 20]","[2, 21, 23, 4, 14]","[1, 13, 14, 2, 11]","[0, 2, 12, 0, 4]","[0, 0, 4, 0, 2]","[0, 0, 2, 0, 0]"
"[11, 30, 30, 13, 20]","[2, 21, 23, 4, 14]","[1, 13, 14, 2, 11]","[0, 2, 12, 0, 4]","[0, 0, 4, 0, 2]","[0, 0, 2, 0, 0]"
"[12, 33, 23, 22, 11]","[11, 24, 13, 13, 10]","[4, 13, 11, 10, 3]","[2, 3, 10, 2, 1]","[0, 0, 2, 0, 0]"
"[11, 30, 32, 22, 13]","[4, 21, 23, 13, 12]","[3, 12, 14, 10, 10]","[0, 2, 12, 3, 3]","[0, 0, 4, 0, 2]","[0, 0, 2, 0, 0]"
"[11, 31, 30, 23, 13]","[4, 21, 23, 13, 12]","[3, 12, 14, 10, 10]","[0, 2, 12, 3, 3]","[0, 0, 4, 0, 2]","[0, 0, 2, 0, 0]"
"[12, 23, 34, 22, 12]","[11, 20, 23, 14, 10]","[3, 10, 20, 12, 3]","[0, 2, 12, 4, 2]","[0, 0, 3, 3, 0]","[0, 0, 2, 0, 0]"
"[12, 31, 31, 23, 11]","[11, 20, 23, 14, 10]","[3, 10, 20, 12, 3]","[0, 2, 12, 4, 2]","[0, 0, 3, 3, 0]","[0, 0, 2, 0, 0]"
"[11, 33, 31, 21, 13]","[10, 22, 24, 11, 12]","[3, 12, 14, 10, 10]","[0, 2, 12, 3, 3]","[0, 0, 4, 0, 2]","[0, 0, 2, 0, 0]"
"[12, 30, 33, 22, 12]","[10, 22, 23, 13, 11]","[3, 12, 14, 10, 10]","[0, 2, 12, 3, 3]","[0, 0, 4, 0, 2]","[0, 0, 2, 0, 0]"
"[13, 30, 32, 20, 14]","[10, 22, 24, 11, 12]","[3, 12, 14, 10, 10]","[0, 2, 12, 3, 3]","[0, 0, 4, 0, 2]","[0, 0, 2, 0, 0]"
"[13, 24, 33, 20, 20]","[10, 22, 24, 11, 13]","[3, 12, 20, 4, 11]","[1, 3, 12, 2, 4]","[0, 0, 4, 0, 2]","[0, 0, 2, 0, 0]"
"[13, 30, 30, 22, 20]","[4, 23, 21, 13, 14]","[3, 14, 13, 10, 11]","[1, 3, 12, 2, 4]","[0, 0, 4, 0, 2]","[0, 0, 2, 0, 0]"
"[13, 32, 31, 20, 20]","[10, 24, 22, 11, 14]","[3, 14, 13, 10, 11]","[1, 3, 12, 2, 4]","[0, 0, 4, 0, 2]","[0, 0, 2, 0, 0]"
"[13, 33, 24, 20, 21]","[11, 30, 20, 11, 14]","[3, 14, 13, 4, 12]","[2, 10, 11, 1, 4]","[0, 0, 4, 0, 2]","[0, 0, 2, 0, 0]"
"[14, 33, 23, 23, 14]","[13, 30, 20, 13, 11]","[10, 20, 13, 4, 10]","[1, 11, 11, 2, 3]","[0, 0, 4, 0, 2]","[0, 0, 2, 0, 0]"
"[14, 33, 30, 14, 21]","[12, 24, 23, 10, 13]","[10, 20, 14, 2, 11]","[2, 10, 11, 1, 4]","[0, 0, 4, 0, 2]","[0, 0, 2, 0, 0]"
"[20, 33, 24, 21, 14]","[13, 30, 20, 13, 11]","[10, 20, 13, 4, 10]","[1, 11, 11, 2, 3]","[0, 0, 4, 0, 2]","[0, 0, 2, 0, 0]"
"[20, 34, 30, 20, 13]","[11, 32, 22, 11, 11]","[10, 20, 13, 4, 10]","[1, 11, 11, 2, 3]","[0, 0, 4, 0, 2]","[0, 0, 2, 0, 0]"
"[3, 34, 34, 21, 21]","[2, 31, 31, 12, 13]","[1, 21, 23, 3, 12]","[0, 12, 14, 0, 11]","[0, 2, 12, 0, 4]","[0, 0, 4, 0, 2]","[0, 0, 2, 0, 0]"
"[10, 34, 34, 20, 21]","[2, 31, 31, 12, 13]","[1, 21, 23, 3, 12]","[0, 12, 14, 0, 11]","[0, 2, 12, 0, 4]","[0, 0, 4, 0, 2]","[0, 0, 2, 0, 0]"
"[13, 41, 31, 22, 12]","[12, 31, 22, 14, 10]","[10, 21, 13, 12, 3]","[3, 11, 10, 4, 2]","[1, 2, 3, 2, 0]"
"[14, 34, 30, 22, 14]","[12, 31, 22, 14, 10]","[10, 21, 13, 12, 3]","[3, 11, 10, 4, 2]","[1, 2, 3, 2, 0]"
"[20, 40, 31, 21, 12]","[12, 31, 22, 14, 10]","[10, 21, 13, 12, 3]","[3, 11, 10, 4, 2]","[1, 2, 3, 2, 0]"
"[12, 33, 34, 21, 20]","[10, 30, 30, 12, 13]","[1, 21, 23, 3, 12]","[0, 12, 14, 0, 11]","[0, 2, 12, 0, 4]","[0, 0, 4, 0, 2]","[0, 0, 2, 0, 0]"
"[10, 32, 42, 21, 23]","[3, 24, 32, 13, 21]","[2, 21, 23, 4, 14]","[1, 13, 14, 2, 11]","[0, 2, 12, 0, 4]","[0, 0, 4, 0, 2]","[0, 0, 2, 0, 0]"
"[12, 33, 42, 20, 22]","[10, 31, 31, 12, 20]","[2, 21, 23, 4, 14]","[1, 13, 14, 2, 11]","[0, 2, 12, 0, 4]","[0, 0, 4, 0, 2]","[0, 0, 2, 0, 0]"
"[13, 42, 31, 32, 13]","[12, 33, 23, 22, 11]","[11, 24, 13, 13, 10]","[4, 13, 11, 10, 3]","[2, 3, 10, 2, 1]","[0, 0, 2, 0, 0]"
"[14, 41, 32, 24, 20]","[12, 33, 23, 22, 11]","[11, 24, 13, 13, 10]","[4, 13, 11, 10, 3]","[2, 3, 10, 2, 1]","[0, 0, 2, 0, 0]"
"[12, 34, 34, 32, 21]","[11, 31, 30, 23, 13]","[4, 21, 23, 13, 12]","[3, 12, 14, 10, 10]","[0, 2, 12, 3, 3]","[0, 0, 4, 0, 2]","[0, 0, 2, 0, 0]"
"[20, 32, 41, 30, 20]","[11, 30, 32, 22, 13]","[4, 21, 23, 13, 12]","[3, 12, 14, 10, 10]","[0, 2, 12, 3, 3]","[0, 0, 4, 0, 2]","[0, 0, 2, 0, 0]"
"[12, 42, 41, 23, 21]","[11, 33, 31, 21, 13]","[10, 22, 24, 11, 12]","[3, 12, 14, 10, 10]","[0, 2, 12, 3, 3]","[0, 0, 4, 0, 2]","[0, 0, 2, 0, 0]"
"[14, 40, 40, 23, 22]","[11, 33, 31, 21, 13]","[10, 22, 24, 11, 12]","[3, 12, 14, 10, 10]","[0, 2, 12, 3, 3]","[0, 0, 4, 0, 2]","[0, 0, 2, 0, 0]"
"[20, 40, 40, 23, 21]","[11, 33, 31, 21, 13]","[10, 22, 24, 11, 12]","[3, 12, 14, 10, 10]","[0, 2, 12, 3, 3]","[0, 0, 4, 0, 2]","[0, 0, 2, 0, 0]"
"[14, 32, 34, 32, 23]","[13, 30, 30, 22, 20]","[4, 23, 21, 13, 14]","[3, 14, 13, 10, 11]","[1, 3, 12, 2, 4]","[0, 0, 4, 0, 2]","[0, 0, 2, 0, 0]"
"[21, 32, 40, 30, 22]","[13, 30, 30, 22, 20]","[4, 23, 21, 13, 14]","[3, 14, 13, 10, 11]","[1, 3, 12, 2, 4]","[0, 0, 4, 0, 2]","[0, 0, 2, 0, 0]"
"[20, 34, 41, 22, 24]","[13, 32, 31, 20, 20]","[10, 24, 22, 11, 14]","[3, 14, 13, 10, 11]","[1, 3, 12, 2, 4]","[0, 0, 4, 0, 2]","[0, 0, 2, 0, 0]"
"[21, 40, 40, 21, 24]","[13, 32, 31, 20, 20]","[10, 24, 22, 11, 14]","[3, 14, 13, 10, 11]","[1, 3, 12, 2, 4]","[0, 0, 4, 0, 2]","[0, 0, 2, 0, 0]"
"[22, 34, 34, 30, 22]","[20, 33, 24, 21, 14]","[13, 30, 20, 13, 11]","[10, 20, 13, 4, 10]","[1, 11, 11, 2, 3]","[0, 0, 4, 0, 2]","[0, 0, 2, 0, 0]"
"[22, 40, 41, 22, 22]","[20, 33, 24, 21, 14]","[13, 30, 20, 13, 11]","[10, 20, 13, 4, 10]","[1, 11, 11, 2, 3]","[0, 0, 4, 0, 2]","[0, 0, 2, 0, 0]"
"[22, 41, 33, 30, 21]","[20, 33, 24, 21, 14]","[13, 30, 20, 13, 11]","[10, 20, 13, 4, 10]","[1, 11, 11, 2, 3]","[0, 0, 4, 0, 2]","[0, 0, 2, 0, 0]"
"[23, 41, 33, 30, 20]","[20, 34, 30, 20, 13]","[11, 32, 22, 11, 11]","[10, 20, 13, 4, 10]","[1, 11, 11, 2, 3]","[0, 0, 4, 0, 2]","[0, 0, 2, 0, 0]"
"[21, 44, 41, 22, 21]","[20, 40, 31, 21, 12]","[12, 31, 22, 14, 10]","[10, 21, 13, 12, 3]","[3, 11, 10, 4, 2]","[1, 2, 3, 2, 0]"
"[22, 40, 40, 24, 23]","[14, 34, 30, 22, 14]","[12, 31, 22, 14, 10]","[10, 21, 13, 12, 3]","[3, 11, 10, 4, 2]","[1, 2, 3, 2, 0]"
"[21, 100, 33, 33, 13]","[13, 41, 31, 22, 12]","[12, 31, 22, 14, 10]","[10, 21, 13, 12, 3]","[3, 11, 10, 4, 2]","[1, 2, 3, 2, 0]"
"[11, 41, 44, 24, 33]","[10, 32, 42, 21, 23]","[3, 24, 32, 13, 21]","[2, 21, 23, 4, 14]","[1, 13, 14, 2, 11]","[0, 2, 12, 0, 4]","[0, 0, 4, 0, 2]","[0, 0, 2, 0, 0]"
"[21, 43, 40, 33, 24]","[14, 41, 32, 24, 20]","[12, 33, 23, 22, 11]","[11, 24, 13, 13, 10]","[4, 13, 11, 10, 3]","[2, 3, 10, 2, 1]","[0, 0, 2, 0, 0]"
"[21, 101, 42, 31, 22]","[14, 41, 32, 24, 20]","[12, 33, 23, 22, 11]","[11, 24, 13, 13, 10]","[4, 13, 11, 10, 3]","[2, 3, 10, 2, 1]","[0, 0, 2, 0, 0]"
"[22, 100, 40, 34, 21]","[13, 42, 31, 32, 13]","[12, 33, 23, 22, 11]","[11, 24, 13, 13, 10]","[4, 13, 11, 10, 3]","[2, 3, 10, 2, 1]","[0, 0, 2, 0, 0]"
"[20, 43, 44, 32, 30]","[12, 42, 41, 23, 21]","[11, 33, 31, 21, 13]","[10, 22, 24, 11, 12]","[3, 12, 14, 10, 10]","[0, 2, 12, 3, 3]","[0, 0, 4, 0, 2]","[0, 0, 2, 0, 0]"
"[21, 42, 43, 33, 30]","[14, 40, 40, 23, 22]","[11, 33, 31, 21, 13]","[10, 22, 24, 11, 12]","[3, 12, 14, 10, 10]","[0, 2, 12, 3, 3]","[0, 0, 4, 0, 2]","[0, 0, 2, 0, 0]"
"[22, 41, 101, 33, 22]","[20, 32, 41, 30, 20]","[11, 30, 32, 22, 13]","[4, 21, 23, 13, 12]","[3, 12, 14, 10, 10]","[0, 2, 12, 3, 3]","[0, 0, 4, 0, 2]","[0, 0, 2, 0, 0]"
"[22, 42, 44, 31, 30]","[20, 40, 40, 23, 21]","[11, 33, 31, 21, 13]","[10, 22, 24, 11, 12]","[3, 12, 14, 10, 10]","[0, 2, 12, 3, 3]","[0, 0, 4, 0, 2]","[0, 0, 2, 0, 0]"
"[23, 42, 100, 32, 23]","[20, 40, 40, 23, 21]","[11, 33, 31, 21, 13]","[10, 22, 24, 11, 12]","[3, 12, 14, 10, 10]","[0, 2, 12, 3, 3]","[0, 0, 4, 0, 2]","[0, 0, 2, 0, 0]"
"[30, 33, 42, 40, 30]","[21, 32, 40, 30, 22]","[13, 30, 30, 22, 20]","[4, 23, 21, 13, 14]","[3, 14, 13, 10, 11]","[1, 3, 12, 2, 4]","[0, 0, 4, 0, 2]","[0, 0, 2, 0, 0]"
"[21, 42, 44, 31, 33]","[20, 34, 41, 22, 24]","[13, 32, 31, 20, 20]","[10, 24, 22, 11, 14]","[3, 14, 13, 10, 11]","[1, 3, 12, 2, 4]","[0, 0, 4, 0, 2]","[0, 0, 2, 0, 0]"
"[21, 102, 101, 30, 22]","[12, 42, 41, 23, 21]","[11, 33, 31, 21, 13]","[10, 22, 24, 11, 12]","[3, 12, 14, 10, 10]","[0, 2, 12, 3, 3]","[0, 0, 4, 0, 2]","[0, 0, 2, 0, 0]"
"[22, 41, 44, 30, 34]","[20, 34, 41, 22, 24]","[13, 32, 31, 20, 20]","[10, 24, 22, 11, 14]","[3, 14, 13, 10, 11]","[1, 3, 12, 2, 4]","[0, 0, 4, 0, 2]","[0, 0, 2, 0, 0]"
"[22, 100, 102, 30, 22]","[12, 42, 41, 23, 21]","[11, 33, 31, 21, 13]","[10, 22, 24, 11, 12]","[3, 12, 14, 10, 10]","[0, 2, 12, 3, 3]","[0, 0, 4, 0, 2]","[0, 0, 2, 0, 0]"
"[23, 40, 44, 24, 40]","[20, 34, 41, 22, 24]","[13, 32, 31, 20, 20]","[10, 24, 22, 11, 14]","[3, 14, 13, 10, 11]","[1, 3, 12, 2, 4]","[0, 0, 4, 0, 2]","[0, 0, 2, 0, 0]"
"[24, 43, 40, 34, 31]","[22, 41, 33, 30, 21]","[20, 33, 24, 21, 14]","[13, 30, 20, 13, 11]","[10, 20, 13, 4, 10]","[1, 11, 11, 2, 3]","[0, 0, 4, 0, 2]","[0, 0, 2, 0, 0]"
"[23, 111, 41, 40, 21]","[21, 100, 33, 33, 13]","[13, 41, 31, 22, 12]","[12, 31, 22, 14, 10]","[10, 21, 13, 12, 3]","[3, 11, 10, 4, 2]","[1, 2, 3, 2, 0]"
"[24, 102, 43, 40, 22]","[21, 100, 33, 33, 13]","[13, 41, 31, 22, 12]","[12, 31, 22, 14, 10]","[10, 21, 13, 12, 3]","[3, 11, 10, 4, 2]","[1, 2, 3, 2, 0]"
"[13, 44, 102, 33, 42]","[11, 41, 44, 24, 33]","[10, 32, 42, 21, 23]","[3, 24, 32, 13, 21]","[2, 21, 23, 4, 14]","[1, 13, 14, 2, 11]","[0, 2, 12, 0, 4]","[0, 0, 4, 0, 2]","[0, 0, 2, 0, 0]"
"[14, 44, 100, 33, 43]","[11, 41, 44, 24, 33]","[10, 32, 42, 21, 23]","[3, 24, 32, 13, 21]","[2, 21, 23, 4, 14]","[1, 13, 14, 2, 11]","[0, 2, 12, 0, 4]","[0, 0, 4, 0, 2]","[0, 0, 2, 0, 0]"
"[14, 102, 102, 31, 41]","[11, 41, 44, 24, 33]","[10, 32, 42, 21, 23]","[3, 24, 32, 13, 21]","[2, 21, 23, 4, 14]","[1, 13, 14, 2, 11]","[0, 2, 12, 0, 4]","[0, 0, 4, 0, 2]","[0, 0, 2, 0, 0]"
"[30, 44, 42, 40, 40]","[21, 43, 40, 33, 24]","[14, 41, 32, 24, 20]","[12, 33, 23, 22, 11]","[11, 24, 13, 13, 10]","[4, 13, 11, 10, 3]","[2, 3, 10, 2, 1]","[0, 0, 2, 0, 0]"
"[23, 101, 43, 43, 32]","[21, 43, 40, 33, 24]","[14, 41, 32, 24, 20]","[12, 33, 23, 22, 11]","[11, 24, 13, 13, 10]","[4, 13, 11, 10, 3]","[2, 3, 10, 2, 1]","[0, 0, 2, 0, 0]"
"[24, 100, 43, 42, 33]","[21, 43, 40, 33, 24]","[14, 41, 32, 24, 20]","[12, 33, 23, 22, 11]","[11, 24, 13, 13, 10]","[4, 13, 11, 10, 3]","[2, 3, 10, 2, 1]","[0, 0, 2, 0, 0]"
"[30, 100, 43, 42, 32]","[21, 43, 40, 33, 24]","[14, 41, 32, 24, 20]","[12, 33, 23, 22, 11]","[11, 24, 13, 13, 10]","[4, 13, 11, 10, 3]","[2, 3, 10, 2, 1]","[0, 0, 2, 0, 0]"
"[30, 104, 43, 40, 31]","[21, 101, 42, 31, 22]","[14, 41, 32, 24, 20]","[12, 33, 23, 22, 11]","[11, 24, 13, 13, 10]","[4, 13, 11, 10, 3]","[2, 3, 10, 2, 1]","[0, 0, 2, 0, 0]"
"[30, 44, 103, 42, 31]","[22, 41, 101, 33, 22]","[20, 32, 41, 30, 20]","[11, 30, 32, 22, 13]","[4, 21, 23, 13, 12]","[3, 12, 14, 10, 10]","[0, 2, 12, 3, 3]","[0, 0, 4, 0, 2]","[0, 0, 2, 0, 0]"
"[31, 100, 44, 40, 40]","[21, 42, 43, 33, 30]","[14, 40, 40, 23, 22]","[11, 33, 31, 21, 13]","[10, 22, 24, 11, 12]","[3, 12, 14, 10, 10]","[0, 2, 12, 3, 3]","[0, 0, 4, 0, 2]","[0, 0, 2, 0, 0]"
"[32, 40, 44, 43, 41]","[30, 33, 42, 40, 30]","[21, 32, 40, 30, 22]","[13, 30, 30, 22, 20]","[4, 23, 21, 13, 14]","[3, 14, 13, 10, 11]","[1, 3, 12, 2, 4]","[0, 0, 4, 0, 2]","[0, 0, 2, 0, 0]"
"[23, 102, 103, 41, 32]","[20, 43, 44, 32, 30]","[12, 42, 41, 23, 21]","[11, 33, 31, 21, 13]","[10, 22, 24, 11, 12]","[3, 12, 14, 10, 10]","[0, 2, 12, 3, 3]","[0, 0, 4, 0, 2]","[0, 0, 2, 0, 0]"
"[24, 102, 101, 41, 33]","[21, 42, 43, 33, 30]","[14, 40, 40, 23, 22]","[11, 33, 31, 21, 13]","[10, 22, 24, 11, 12]","[3, 12, 14, 10, 10]","[0, 2, 12, 3, 3]","[0, 0, 4, 0, 2]","[0, 0, 2, 0, 0]"
"[30, 102, 101, 41, 32]","[21, 42, 43, 33, 30]","[14, 40, 40, 23, 22]","[11, 33, 31, 21, 13]","[10, 22, 24, 11, 12]","[3, 12, 14, 10, 10]","[0, 2, 12, 3, 3]","[0, 0, 4, 0, 2]","[0, 0, 2, 0, 0]"
"[33, 41, 43, 100, 34]","[30, 33, 42, 40, 30]","[21, 32, 40, 30, 22]","[13, 30, 30, 22, 20]","[4, 23, 21, 13, 14]","[3, 14, 13, 10, 11]","[1, 3, 12, 2, 4]","[0, 0, 4, 0, 2]","[0, 0, 2, 0, 0]"
"[23, 44, 102, 34, 44]","[21, 42, 44, 31, 33]","[20, 34, 41, 22, 24]","[13, 32, 31, 20, 20]","[10, 24, 22, 11, 14]","[3, 14, 13, 10, 11]","[1, 3, 12, 2, 4]","[0, 0, 4, 0, 2]","[0, 0, 2, 0, 0]"
"[30, 44, 100, 34, 44]","[21, 42, 44, 31, 33]","[20, 34, 41, 22, 24]","[13, 32, 31, 20, 20]","[10, 24, 22, 11, 14]","[3, 14, 13, 10, 11]","[1, 3, 12, 2, 4]","[0, 0, 4, 0, 2]","[0, 0, 2, 0, 0]"
"[22, 112, 112, 33, 24]","[21, 102, 101, 30, 22]","[12, 42, 41, 23, 21]","[11, 33, 31, 21, 13]","[10, 22, 24, 11, 12]","[3, 12, 14, 10, 10]","[0, 2, 12, 3, 3]","[0, 0, 4, 0, 2]","[0, 0, 2, 0, 0]"
"[30, 102, 101, 34, 41]","[21, 42, 44, 31, 33]","[20, 34, 41, 22, 24]","[13, 32, 31, 20, 20]","[10, 24, 22, 11, 14]","[3, 14, 13, 10, 11]","[1, 3, 12, 2, 4]","[0, 0, 4, 0, 2]","[0, 0, 2, 0, 0]"
"[31, 101, 101, 33, 42]","[23, 40, 44, 24, 40]","[20, 34, 41, 22, 24]","[13, 32, 31, 20, 20]","[10, 24, 22, 11, 14]","[3, 14, 13, 10, 11]","[1, 3, 12, 2, 4]","[0, 0, 4, 0, 2]","[0, 0, 2, 0, 0]"
"[31, 104, 41, 41, 41]","[24, 43, 40, 34, 31]","[22, 41, 33, 30, 21]","[20, 33, 24, 21, 14]","[13, 30, 20, 13, 11]","[10, 20, 13, 4, 10]","[1, 11, 11, 2, 3]","[0, 0, 4, 0, 2]","[0, 0, 2, 0, 0]"
"[32, 101, 43, 42, 40]","[24, 43, 40, 34, 31]","[22, 41, 33, 30, 21]","[20, 33, 24, 21, 14]","[13, 30, 20, 13, 11]","[10, 20, 13, 4, 10]","[1, 11, 11, 2, 3]","[0, 0, 4, 0, 2]","[0, 0, 2, 0, 0]"
"[33, 100, 42, 43, 40]","[24, 43, 40, 34, 31]","[22, 41, 33, 30, 21]","[20, 33, 24, 21, 14]","[13, 30, 20, 13, 11]","[10, 20, 13, 4, 10]","[1, 11, 11, 2, 3]","[0, 0, 4, 0, 2]","[0, 0, 2, 0, 0]"
"[24, 114, 44, 43, 32]","[23, 111, 41, 40, 21]","[21, 100, 33, 33, 13]","[13, 41, 31, 22, 12]","[12, 31, 22, 14, 10]","[10, 21, 13, 12, 3]","[3, 11, 10, 4, 2]","[1, 2, 3, 2, 0]"
"[31, 121, 100, 42, 24]","[23, 111, 41, 40, 21]","[21, 100, 33, 33, 13]","[13, 41, 31, 22, 12]","[12, 31, 22, 14, 10]","[10, 21, 13, 12, 3]","[3, 11, 10, 4, 2]","[1, 2, 3, 2, 0]"
"[23, 104, 104, 40, 101]","[13, 44, 102, 33, 42]","[11, 41, 44, 24, 33]","[10, 32, 42, 21, 23]","[3, 24, 32, 13, 21]","[2, 21, 23, 4, 14]","[1, 13, 14, 2, 11]","[0, 2, 12, 0, 4]","[0, 0, 4, 0, 2]","[0, 0, 2, 0, 0]"
"[30, 104, 102, 40, 101]","[14, 44, 100, 33, 43]","[11, 41, 44, 24, 33]","[10, 32, 42, 21, 23]","[3, 24, 32, 13, 21]","[2, 21, 23, 4, 14]","[1, 13, 14, 2, 11]","[0, 2, 12, 0, 4]","[0, 0, 4, 0, 2]","[0, 0, 2, 0, 0]"
"[30, 111, 101, 40, 100]","[14, 44, 100, 33, 43]","[11, 41, 44, 24, 33]","[10, 32, 42, 21, 23]","[3, 24, 32, 13, 21]","[2, 21, 23, 4, 14]","[1, 13, 14, 2, 11]","[0, 2, 12, 0, 4]","[0, 0, 4, 0, 2]","[0, 0, 2, 0, 0]"
"[33, 103, 43, 101, 43]","[30, 44, 42, 40, 40]","[21, 43, 40, 33, 24]","[14, 41, 32, 24, 20]","[12, 33, 23, 22, 11]","[11, 24, 13, 13, 10]","[4, 13, 11, 10, 3]","[2, 3, 10, 2, 1]","[0, 0, 2, 0, 0]"
"[34, 102, 44, 43, 100]","[30, 44, 42, 40, 40]","[21, 43, 40, 33, 24]","[14, 41, 32, 24, 20]","[12, 33, 23, 22, 11]","[11, 24, 13, 13, 10]","[4, 13, 11, 10, 3]","[2, 3, 10, 2, 1]","[0, 0, 2, 0, 0]"
"[32, 110, 101, 44, 42]","[24, 100, 43, 42, 33]","[21, 43, 40, 33, 24]","[14, 41, 32, 24, 20]","[12, 33, 23, 22, 11]","[11, 24, 13, 13, 10]","[4, 13, 11, 10, 3]","[2, 3, 10, 2, 1]","[0, 0, 2, 0, 0]"
"[33, 111, 44, 100, 41]","[30, 100, 43, 42, 32]","[21, 43, 40, 33, 24]","[14, 41, 32, 24, 20]","[12, 33, 23, 22, 11]","[11, 24, 13, 13, 10]","[4, 13, 11, 10, 3]","[2, 3, 10, 2, 1]","[0, 0, 2, 0, 0]"
"[40, 103, 100, 44, 42]","[30, 100, 43, 42, 32]","[21, 43, 40, 33, 24]","[14, 41, 32, 24, 20]","[12, 33, 23, 22, 11]","[11, 24, 13, 13, 10]","[4, 13, 11, 10, 3]","[2, 3, 10, 2, 1]","[0, 0, 2, 0, 0]"
"[31, 112, 102, 102, 33]","[23, 101, 43, 43, 32]","[21, 43, 40, 33, 24]","[14, 41, 32, 24, 20]","[12, 33, 23, 22, 11]","[11, 24, 13, 13, 10]","[4, 13, 11, 10, 3]","[2, 3, 10, 2, 1]","[0, 0, 2, 0, 0]"
"[40, 113, 100, 42, 40]","[30, 104, 43, 40, 31]","[21, 101, 42, 31, 22]","[14, 41, 32, 24, 20]","[12, 33, 23, 22, 11]","[11, 24, 13, 13, 10]","[4, 13, 11, 10, 3]","[2, 3, 10, 2, 1]","[0, 0, 2, 0, 0]"
"[33, 111, 104, 101, 34]","[30, 44, 103, 42, 31]","[22, 41, 101, 33, 22]","[20, 32, 41, 30, 20]","[11, 30, 32, 22, 13]","[4, 21, 23, 13, 12]","[3, 12, 14, 10, 10]","[0, 2, 12, 3, 3]","[0, 0, 4, 0, 2]","[0, 0, 2, 0, 0]"
"[42, 101, 101, 44, 100]","[32, 40, 44, 43, 41]","[30, 33, 42, 40, 30]","[21, 32, 40, 30, 22]","[13, 30, 30, 22, 20]","[4, 23, 21, 13, 14]","[3, 14, 13, 10, 11]","[1, 3, 12, 2, 4]","[0, 0, 4, 0, 2]","[0, 0, 2, 0, 0]"
"[32, 113, 110, 100, 34]","[23, 102, 103, 41, 32]","[20, 43, 44, 32, 30]","[12, 42, 41, 23, 21]","[11, 33, 31, 21, 13]","[10, 22, 24, 11, 12]","[3, 12, 14, 10, 10]","[0, 2, 12, 3, 3]","[0, 0, 4, 0, 2]","[0, 0, 2, 0, 0]"
"[33, 112, 103, 103, 33]","[30, 102, 101, 41, 32]","[21, 42, 43, 33, 30]","[14, 40, 40, 23, 22]","[11, 33, 31, 21, 13]","[10, 22, 24, 11, 12]","[3, 12, 14, 10, 10]","[0, 2, 12, 3, 3]","[0, 0, 4, 0, 2]","[0, 0, 2, 0, 0]"
"[43, 100, 102, 102, 42]","[33, 41, 43, 100, 34]","[30, 33, 42, 40, 30]","[21, 32, 40, 30, 22]","[13, 30, 30, 22, 20]","[4, 23, 21, 13, 14]","[3, 14, 13, 10, 11]","[1, 3, 12, 2, 4]","[0, 0, 4, 0, 2]","[0, 0, 2, 0, 0]"
"[43, 101, 100, 103, 42]","[33, 41, 43, 100, 34]","[30, 33, 42, 40, 30]","[21, 32, 40, 30, 22]","[13, 30, 30, 22, 20]","[4, 23, 21, 13, 14]","[3, 14, 13, 10, 11]","[1, 3, 12, 2, 4]","[0, 0, 4, 0, 2]","[0, 0, 2, 0, 0]"
"[44, 100, 100, 102, 43]","[33, 41, 43, 100, 34]","[30, 33, 42, 40, 30]","[21, 32, 40, 30, 22]","[13, 30, 30, 22, 20]","[4, 23, 21, 13, 14]","[3, 14, 13, 10, 11]","[1, 3, 12, 2, 4]","[0, 0, 4, 0, 2]","[0, 0, 2, 0, 0]"
"[100, 101, 100, 100, 43]","[32, 40, 44, 43, 41]","[30, 33, 42, 40, 30]","[21, 32, 40, 30, 22]","[13, 30, 30, 22, 20]","[4, 23, 21, 13, 14]","[3, 14, 13, 10, 11]","[1, 3, 12, 2, 4]","[0, 0, 4, 0, 2]","[0, 0, 2, 0, 0]"
"[32, 104, 104, 41, 104]","[23, 44, 102, 34, 44]","[21, 42, 44, 31, 33]","[20, 34, 41, 22, 24]","[13, 32, 31, 20, 20]","[10, 24, 22, 11, 14]","[3, 14, 13, 10, 11]","[1, 3, 12, 2, 4]","[0, 0, 4, 0, 2]","[0, 0, 2, 0, 0]"
"[33, 111, 102, 43, 101]","[30, 44, 100, 34, 44]","[21, 42, 44, 31, 33]","[20, 34, 41, 22, 24]","[13, 32, 31, 20, 20]","[10, 24, 22, 11, 14]","[3, 14, 13, 10, 11]","[1, 3, 12, 2, 4]","[0, 0, 4, 0, 2]","[0, 0, 2, 0, 0]"
"[34, 104, 101, 43, 103]","[30, 44, 100, 34, 44]","[21, 42, 44, 31, 33]","[20, 34, 41, 22, 24]","[13, 32, 31, 20, 20]","[10, 24, 22, 11, 14]","[3, 14, 13, 10, 11]","[1, 3, 12, 2, 4]","[0, 0, 4, 0, 2]","[0, 0, 2, 0, 0]"
"[34, 104, 102, 41, 104]","[30, 44, 100, 34, 44]","[21, 42, 44, 31, 33]","[20, 34, 41, 22, 24]","[13, 32, 31, 20, 20]","[10, 24, 22, 11, 14]","[3, 14, 13, 10, 11]","[1, 3, 12, 2, 4]","[0, 0, 4, 0, 2]","[0, 0, 2, 0, 0]"
"[40, 103, 103, 42, 102]","[30, 44, 100, 34, 44]","[21, 42, 44, 31, 33]","[20, 34, 41, 22, 24]","[13, 32, 31, 20, 20]","[10, 24, 22, 11, 14]","[3, 14, 13, 10, 11]","[1, 3, 12, 2, 4]","[0, 0, 4, 0, 2]","[0, 0, 2, 0, 0]"
"[40, 104, 102, 41, 103]","[30, 44, 100, 34, 44]","[21, 42, 44, 31, 33]","[20, 34, 41, 22, 24]","[13, 32, 31, 20, 20]","[10, 24, 22, 11, 14]","[3, 14, 13, 10, 11]","[1, 3, 12, 2, 4]","[0, 0, 4, 0, 2]","[0, 0, 2, 0, 0]"
"[41, 104, 44, 44, 102]","[33, 100, 42, 43, 40]","[24, 43, 40, 34, 31]","[22, 41, 33, 30, 21]","[20, 33, 24, 21, 14]","[13, 30, 20, 13, 11]","[10, 20, 13, 4, 10]","[1, 11, 11, 2, 3]","[0, 0, 4, 0, 2]","[0, 0, 2, 0, 0]"
"[41, 112, 103, 40, 100]","[31, 101, 101, 33, 42]","[23, 40, 44, 24, 40]","[20, 34, 41, 22, 24]","[13, 32, 31, 20, 20]","[10, 24, 22, 11, 14]","[3, 14, 13, 10, 11]","[1, 3, 12, 2, 4]","[0, 0, 4, 0, 2]","[0, 0, 2, 0, 0]"
"[44, 104, 43, 100, 100]","[33, 100, 42, 43, 40]","[24, 43, 40, 34, 31]","[22, 41, 33, 30, 21]","[20, 33, 24, 21, 14]","[13, 30, 20, 13, 11]","[10, 20, 13, 4, 10]","[1, 11, 11, 2, 3]","[0, 0, 4, 0, 2]","[0, 0, 2, 0, 0]"
"[33, 124, 102, 101, 40]","[24, 114, 44, 43, 32]","[23, 111, 41, 40, 21]","[21, 100, 33, 33, 13]","[13, 41, 31, 22, 12]","[12, 31, 22, 14, 10]","[10, 21, 13, 12, 3]","[3, 11, 10, 4, 2]","[1, 2, 3, 2, 0]"
"[40, 123, 102, 100, 40]","[24, 114, 44, 43, 32]","[23, 111, 41, 40, 21]","[21, 100, 33, 33, 13]","[13, 41, 31, 22, 12]","[12, 31, 22, 14, 10]","[10, 21, 13, 12, 3]","[3, 11, 10, 4, 2]","[1, 2, 3, 2, 0]"
"[40, 133, 101, 101, 31]","[31, 121, 100, 42, 24]","[23, 111, 41, 40, 21]","[21, 100, 33, 33, 13]","[13, 41, 31, 22, 12]","[12, 31, 22, 14, 10]","[10, 21, 13, 12, 3]","[3, 11, 10, 4, 2]","[1, 2, 3, 2, 0]"
"[31, 120, 112, 43, 104]","[23, 104, 104, 40, 101]","[13, 44, 102, 33, 42]","[11, 41, 44, 24, 33]","[10, 32, 42, 21, 23]","[3, 24, 32, 13, 21]","[2, 21, 23, 4, 14]","[1, 13, 14, 2, 11]","[0, 2, 12, 0, 4]","[0, 0, 4, 0, 2]","[0, 0, 2, 0, 0]"
"[32, 121, 111, 42, 104]","[30, 104, 102, 40, 101]","[14, 44, 100, 33, 43]","[11, 41, 44, 24, 33]","[10, 32, 42, 21, 23]","[3, 24, 32, 13, 21]","[2, 21, 23, 4, 14]","[1, 13, 14, 2, 11]","[0, 2, 12, 0, 4]","[0, 0, 4, 0, 2]","[0, 0, 2, 0, 0]"
"[32, 122, 111, 43, 102]","[30, 111, 101, 40, 100]","[14, 44, 100, 33, 43]","[11, 41, 44, 24, 33]","[10, 32, 42, 21, 23]","[3, 24, 32, 13, 21]","[2, 21, 23, 4, 14]","[1, 13, 14, 2, 11]","[0, 2, 12, 0, 4]","[0, 0, 4, 0, 2]","[0, 0, 2, 0, 0]"
"[33, 121, 103, 44, 104]","[30, 111, 101, 40, 100]","[14, 44, 100, 33, 43]","[11, 41, 44, 24, 33]","[10, 32, 42, 21, 23]","[3, 24, 32, 13, 21]","[2, 21, 23, 4, 14]","[1, 13, 14, 2, 11]","[0, 2, 12, 0, 4]","[0, 0, 4, 0, 2]","[0, 0, 2, 0, 0]"
"[40, 120, 103, 43, 104]","[30, 111, 101, 40, 100]","[14, 44, 100, 33, 43]","[11, 41, 44, 24, 33]","[10, 32, 42, 21, 23]","[3, 24, 32, 13, 21]","[2, 21, 23, 4, 14]","[1, 13, 14, 2, 11]","[0, 2, 12, 0, 4]","[0, 0, 4, 0, 2]","[0, 0, 2, 0, 0]"
"[40, 120, 104, 41, 110]","[30, 104, 102, 40, 101]","[14, 44, 100, 33, 43]","[11, 41, 44, 24, 33]","[10, 32, 42, 21, 23]","[3, 24, 32, 13, 21]","[2, 21, 23, 4, 14]","[1, 13, 14, 2, 11]","[0, 2, 12, 0, 4]","[0, 0, 4, 0, 2]","[0, 0, 2, 0, 0]"
"[41, 114, 44, 103, 104]","[33, 103, 43, 101, 43]","[30, 44, 42, 40, 40]","[21, 43, 40, 33, 24]","[14, 41, 32, 24, 20]","[12, 33, 23, 22, 11]","[11, 24, 13, 13, 10]","[4, 13, 11, 10, 3]","[2, 3, 10, 2, 1]","[0, 0, 2, 0, 0]"
"[42, 114, 101, 44, 110]","[34, 102, 44, 43, 100]","[30, 44, 42, 40, 40]","[21, 43, 40, 33, 24]","[14, 41, 32, 24, 20]","[12, 33, 23, 22, 11]","[11, 24, 13, 13, 10]","[4, 13, 11, 10, 3]","[2, 3, 10, 2, 1]","[0, 0, 2, 0, 0]"
"[44, 122, 103, 44, 100]","[40, 113, 100, 42, 40]","[30, 104, 43, 40, 31]","[21, 101, 42, 31, 22]","[14, 41, 32, 24, 20]","[12, 33, 23, 22, 11]","[11, 24, 13, 13, 10]","[4, 13, 11, 10, 3]","[2, 3, 10, 2, 1]","[0, 0, 2, 0, 0]"
"[42, 120, 120, 102, 42]","[33, 111, 104, 101, 34]","[30, 44, 103, 42, 31]","[22, 41, 101, 33, 22]","[20, 32, 41, 30, 20]","[11, 30, 32, 22, 13]","[4, 21, 23, 13, 12]","[3, 12, 14, 10, 10]","[0, 2, 12, 3, 3]","[0, 0, 4, 0, 2]","[0, 0, 2, 0, 0]"
"[34, 122, 122, 102, 42]","[32, 113, 110, 100, 34]","[23, 102, 103, 41, 32]","[20, 43, 44, 32, 30]","[12, 42, 41, 23, 21]","[11, 33, 31, 21, 13]","[10, 22, 24, 11, 12]","[3, 12, 14, 10, 10]","[0, 2, 12, 3, 3]","[0, 0, 4, 0, 2]","[0, 0, 2, 0, 0]"
"[34, 120, 112, 44, 113]","[32, 104, 104, 41, 104]","[23, 44, 102, 34, 44]","[21, 42, 44, 31, 33]","[20, 34, 41, 22, 24]","[13, 32, 31, 20, 20]","[10, 24, 22, 11, 14]","[3, 14, 13, 10, 11]","[1, 3, 12, 2, 4]","[0, 0, 4, 0, 2]","[0, 0, 2, 0, 0]"
"[41, 121, 104, 43, 114]","[34, 104, 102, 41, 104]","[30, 44, 100, 34, 44]","[21, 42, 44, 31, 33]","[20, 34, 41, 22, 24]","[13, 32, 31, 20, 20]","[10, 24, 22, 11, 14]","[3, 14, 13, 10, 11]","[1, 3, 12, 2, 4]","[0, 0, 4, 0, 2]","[0, 0, 2, 0, 0]"
"[41, 122, 112, 42, 111]","[40, 104, 102, 41, 103]","[30, 44, 100, 34, 44]","[21, 42, 44, 31, 33]","[20, 34, 41, 22, 24]","[13, 32, 31, 20, 20]","[10, 24, 22, 11, 14]","[3, 14, 13, 10, 11]","[1, 3, 12, 2, 4]","[0, 0, 4, 0, 2]","[0, 0, 2, 0, 0]"
"[42, 120, 110, 44, 112]","[34, 104, 101, 43, 103]","[30, 44, 100, 34, 44]","[21, 42, 44, 31, 33]","[20, 34, 41, 22, 24]","[13, 32, 31, 20, 20]","[10, 24, 22, 11, 14]","[3, 14, 13, 10, 11]","[1, 3, 12, 2, 4]","[0, 0, 4, 0, 2]","[0, 0, 2, 0, 0]"
"[43, 120, 110, 44, 111]","[40, 103, 103, 42, 102]","[30, 44, 100, 34, 44]","[21, 42, 44, 31, 33]","[20, 34, 41, 22, 24]","[13, 32, 31, 20, 20]","[10, 24, 22, 11, 14]","[3, 14, 13, 10, 11]","[1, 3, 12, 2, 4]","[0, 0, 4, 0, 2]","[0, 0, 2, 0, 0]"
"[42, 122, 112, 100, 103]","[33, 111, 102, 43, 101]","[30, 44, 100, 34, 44]","[21, 42, 44, 31, 33]","[20, 34, 41, 22, 24]","[13, 32, 31, 20, 20]","[10, 24, 22, 11, 14]","[3, 14, 13, 10, 11]","[1, 3, 12, 2, 4]","[0, 0, 4, 0, 2]","[0, 0, 2, 0, 0]"
"[42, 123, 110, 101, 103]","[33, 111, 102, 43, 101]","[30, 44, 100, 34, 44]","[21, 42, 44, 31, 33]","[20, 34, 41, 22, 24]","[13, 32, 31, 20, 20]","[10, 24, 22, 11, 14]","[3, 14, 13, 10, 11]","[1, 3, 12, 2, 4]","[0, 0, 4, 0, 2]","[0, 0, 2, 0, 0]"
"[43, 122, 110, 100, 104]","[33, 111, 102, 43, 101]","[30, 44, 100, 34, 44]","[21, 42, 44, 31, 33]","[20, 34, 41, 22, 24]","[13, 32, 31, 20, 20]","[10, 24, 22, 11, 14]","[3, 14, 13, 10, 11]","[1, 3, 12, 2, 4]","[0, 0, 4, 0, 2]","[0, 0, 2, 0, 0]"
"[43, 122, 112, 43, 104]","[41, 112, 103, 40, 100]","[31, 101, 101, 33, 42]","[23, 40, 44, 24, 40]","[20, 34, 41, 22, 24]","[13, 32, 31, 20, 20]","[10, 24, 22, 11, 14]","[3, 14, 13, 10, 11]","[1, 3, 12, 2, 4]","[0, 0, 4, 0, 2]","[0, 0, 2, 0, 0]"
"[44, 124, 110, 41, 110]","[41, 112, 103, 40, 100]","[31, 101, 101, 33, 42]","[23, 40, 44, 24, 40]","[20, 34, 41, 22, 24]","[13, 32, 31, 20, 20]","[10, 24, 22, 11, 14]","[3, 14, 13, 10, 11]","[1, 3, 12, 2, 4]","[0, 0, 4, 0, 2]","[0, 0, 2, 0, 0]"
"[104, 113, 102, 104, 101]","[44, 100, 100, 102, 43]","[33, 41, 43, 100, 34]","[30, 33, 42, 40, 30]","[21, 32, 40, 30, 22]","[13, 30, 30, 22, 20]","[4, 23, 21, 13, 14]","[3, 14, 13, 10, 11]","[1, 3, 12, 2, 4]","[0, 0, 4, 0, 2]","[0, 0, 2, 0, 0]"
"[110, 113, 102, 104, 100]","[44, 100, 100, 102, 43]","[33, 41, 43, 100, 34]","[30, 33, 42, 40, 30]","[21, 32, 40, 30, 22]","[13, 30, 30, 22, 20]","[4, 23, 21, 13, 14]","[3, 14, 13, 10, 11]","[1, 3, 12, 2, 4]","[0, 0, 4, 0, 2]","[0, 0, 2, 0, 0]"
"[100, 123, 110, 100, 102]","[33, 111, 102, 43, 101]","[30, 44, 100, 34, 44]","[21, 42, 44, 31, 33]","[20, 34, 41, 22, 24]","[13, 32, 31, 20, 20]","[10, 24, 22, 11, 14]","[3, 14, 13, 10, 11]","[1, 3, 12, 2, 4]","[0, 0, 4, 0, 2]","[0, 0, 2, 0, 0]"
"[100, 123, 112, 43, 102]","[41, 112, 103, 40, 100]","[31, 101, 101, 33, 42]","[23, 40, 44, 24, 40]","[20, 34, 41, 22, 24]","[13, 32, 31, 20, 20]","[10, 24, 22, 11, 14]","[3, 14, 13, 10, 11]","[1, 3, 12, 2, 4]","[0, 0, 4, 0, 2]","[0, 0, 2, 0, 0]"
"[100, 124, 111, 42, 103]","[41, 112, 103, 40, 100]","[31, 101, 101, 33, 42]","[23, 40, 44, 24, 40]","[20, 34, 41, 22, 24]","[13, 32, 31, 20, 20]","[10, 24, 22, 11, 14]","[3, 14, 13, 10, 11]","[1, 3, 12, 2, 4]","[0, 0, 4, 0, 2]","[0, 0, 2, 0, 0]"
"[101, 123, 101, 101, 104]","[41, 104, 44, 44, 102]","[33, 100, 42, 43, 40]","[24, 43, 40, 34, 31]","[22, 41, 33, 30, 21]","[20, 33, 24, 21, 14]","[13, 30, 20, 13, 11]","[10, 20, 13, 4, 10]","[1, 11, 11, 2, 3]","[0, 0, 4, 0, 2]","[0, 0, 2, 0, 0]"
"[102, 120, 103, 102, 103]","[41, 104, 44, 44, 102]","[33, 100, 42, 43, 40]","[24, 43, 40, 34, 31]","[22, 41, 33, 30, 21]","[20, 33, 24, 21, 14]","[13, 30, 20, 13, 11]","[10, 20, 13, 4, 10]","[1, 11, 11, 2, 3]","[0, 0, 4, 0, 2]","[0, 0, 2, 0, 0]"
"[43, 133, 103, 110, 44]","[40, 123, 102, 100, 40]","[24, 114, 44, 43, 32]","[23, 111, 41, 40, 21]","[21, 100, 33, 33, 13]","[13, 41, 31, 22, 12]","[12, 31, 22, 14, 10]","[10, 21, 13, 12, 3]","[3, 11, 10, 4, 2]","[1, 2, 3, 2, 0]"
"[100, 133, 103, 104, 44]","[40, 123, 102, 100, 40]","[24, 114, 44, 43, 32]","[23, 111, 41, 40, 21]","[21, 100, 33, 33, 13]","[13, 41, 31, 22, 12]","[12, 31, 22, 14, 10]","[10, 21, 13, 12, 3]","[3, 11, 10, 4, 2]","[1, 2, 3, 2, 0]"
"[33, 133, 113, 104, 111]","[31, 120, 112, 43, 104]","[23, 104, 104, 40, 101]","[13, 44, 102, 33, 42]","[11, 41, 44, 24, 33]","[10, 32, 42, 21, 23]","[3, 24, 32, 13, 21]","[2, 21, 23, 4, 14]","[1, 13, 14, 2, 11]","[0, 2, 12, 0, 4]","[0, 0, 4, 0, 2]","[0, 0, 2, 0, 0]"
"[34, 134, 113, 101, 112]","[32, 121, 111, 42, 104]","[30, 104, 102, 40, 101]","[14, 44, 100, 33, 43]","[11, 41, 44, 24, 33]","[10, 32, 42, 21, 23]","[3, 24, 32, 13, 21]","[2, 21, 23, 4, 14]","[1, 13, 14, 2, 11]","[0, 2, 12, 0, 4]","[0, 0, 4, 0, 2]","[0, 0, 2, 0, 0]"
"[41, 134, 104, 101, 114]","[33, 121, 103, 44, 104]","[30, 111, 101, 40, 100]","[14, 44, 100, 33, 43]","[11, 41, 44, 24, 33]","[10, 32, 42, 21, 23]","[3, 24, 32, 13, 21]","[2, 21, 23, 4, 14]","[1, 13, 14, 2, 11]","[0, 2, 12, 0, 4]","[0, 0, 4, 0, 2]","[0, 0, 2, 0, 0]"
"[43, 133, 110, 102, 111]","[40, 120, 103, 43, 104]","[30, 111, 101, 40, 100]","[14, 44, 100, 33, 43]","[11, 41, 44, 24, 33]","[10, 32, 42, 21, 23]","[3, 24, 32, 13, 21]","[2, 21, 23, 4, 14]","[1, 13, 14, 2, 11]","[0, 2, 12, 0, 4]","[0, 0, 4, 0, 2]","[0, 0, 2, 0, 0]"
"[43, 133, 111, 100, 112]","[40, 120, 104, 41, 110]","[30, 104, 102, 40, 101]","[14, 44, 100, 33, 43]","[11, 41, 44, 24, 33]","[10, 32, 42, 21, 23]","[3, 24, 32, 13, 21]","[2, 21, 23, 4, 14]","[1, 13, 14, 2, 11]","[0, 2, 12, 0, 4]","[0, 0, 4, 0, 2]","[0, 0, 2, 0, 0]"
"[43, 133, 101, 112, 111]","[41, 114, 44, 103, 104]","[33, 103, 43, 101, 43]","[30, 44, 42, 40, 40]","[21, 43, 40, 33, 24]","[14, 41, 32, 24, 20]","[12, 33, 23, 22, 11]","[11, 24, 13, 13, 10]","[4, 13, 11, 10, 3]","[2, 3, 10, 2, 1]","[0, 0, 2, 0, 0]"
"[101, 134, 100, 110, 111]","[41, 114, 44, 103, 104]","[33, 103, 43, 101, 43]","[30, 44, 42, 40, 40]","[21, 43, 40, 33, 24]","[14, 41, 32, 24, 20]","[12, 33, 23, 22, 11]","[11, 24, 13, 13, 10]","[4, 13, 11, 10, 3]","[2, 3, 10, 2, 1]","[0, 0, 2, 0, 0]"
"[103, 134, 112, 102, 102]","[44, 122, 103, 44, 100]","[40, 113, 100, 42, 40]","[30, 104, 43, 40, 31]","[21, 101, 42, 31, 22]","[14, 41, 32, 24, 20]","[12, 33, 23, 22, 11]","[11, 24, 13, 13, 10]","[4, 13, 11, 10, 3]","[2, 3, 10, 2, 1]","[0, 0, 2, 0, 0]"
"[104, 133, 104, 103, 104]","[44, 122, 103, 44, 100]","[40, 113, 100, 42, 40]","[30, 104, 43, 40, 31]","[21, 101, 42, 31, 22]","[14, 41, 32, 24, 20]","[12, 33, 23, 22, 11]","[11, 24, 13, 13, 10]","[4, 13, 11, 10, 3]","[2, 3, 10, 2, 1]","[0, 0, 2, 0, 0]"
"[104, 134, 110, 102, 103]","[44, 122, 103, 44, 100]","[40, 113, 100, 42, 40]","[30, 104, 43, 40, 31]","[21, 101, 42, 31, 22]","[14, 41, 32, 24, 20]","[12, 33, 23, 22, 11]","[11, 24, 13, 13, 10]","[4, 13, 11, 10, 3]","[2, 3, 10, 2, 1]","[0, 0, 2, 0, 0]"
"[110, 140, 104, 101, 103]","[44, 122, 103, 44, 100]","[40, 113, 100, 42, 40]","[30, 104, 43, 40, 31]","[21, 101, 42, 31, 22]","[14, 41, 32, 24, 20]","[12, 33, 23, 22, 11]","[11, 24, 13, 13, 10]","[4, 13, 11, 10, 3]","[2, 3, 10, 2, 1]","[0, 0, 2, 0, 0]"
"[110, 141, 110, 100, 102]","[44, 122, 103, 44, 100]","[40, 113, 100, 42, 40]","[30, 104, 43, 40, 31]","[21, 101, 42, 31, 22]","[14, 41, 32, 24, 20]","[12, 33, 23, 22, 11]","[11, 24, 13, 13, 10]","[4, 13, 11, 10, 3]","[2, 3, 10, 2, 1]","[0, 0, 2, 0, 0]"
"[41, 133, 114, 103, 121]","[34, 120, 112, 44, 113]","[32, 104, 104, 41, 104]","[23, 44, 102, 34, 44]","[21, 42, 44, 31, 33]","[20, 34, 41, 22, 24]","[13, 32, 31, 20, 20]","[10, 24, 22, 11, 14]","[3, 14, 13, 10, 11]","[1, 3, 12, 2, 4]","[0, 0, 4, 0, 2]","[0, 0, 2, 0, 0]"
"[43, 130, 122, 102, 120]","[34, 120, 112, 44, 113]","[32, 104, 104, 41, 104]","[23, 44, 102, 34, 44]","[21, 42, 44, 31, 33]","[20, 34, 41, 22, 24]","[13, 32, 31, 20, 20]","[10, 24, 22, 11, 14]","[3, 14, 13, 10, 11]","[1, 3, 12, 2, 4]","[0, 0, 4, 0, 2]","[0, 0, 2, 0, 0]"
"[43, 131, 120, 103, 120]","[34, 120, 112, 44, 113]","[32, 104, 104, 41, 104]","[23, 44, 102, 34, 44]","[21, 42, 44, 31, 33]","[20, 34, 41, 22, 24]","[13, 32, 31, 20, 20]","[10, 24, 22, 11, 14]","[3, 14, 13, 10, 11]","[1, 3, 12, 2, 4]","[0, 0, 4, 0, 2]","[0, 0, 2, 0, 0]"
"[43, 133, 112, 103, 121]","[41, 121, 104, 43, 114]","[34, 104, 102, 41, 104]","[30, 44, 100, 34, 44]","[21, 42, 44, 31, 33]","[20, 34, 41, 22, 24]","[13, 32, 31, 20, 20]","[10, 24, 22, 11, 14]","[3, 14, 13, 10, 11]","[1, 3, 12, 2, 4]","[0, 0, 4, 0, 2]","[0, 0, 2, 0, 0]"
"[44, 134, 113, 104, 113]","[42, 122, 112, 100, 103]","[33, 111, 102, 43, 101]","[30, 44, 100, 34, 44]","[21, 42, 44, 31, 33]","[20, 34, 41, 22, 24]","[13, 32, 31, 20, 20]","[10, 24, 22, 11, 14]","[3, 14, 13, 10, 11]","[1, 3, 12, 2, 4]","[0, 0, 4, 0, 2]","[0, 0, 2, 0, 0]"
"[44, 134, 114, 102, 114]","[42, 122, 112, 100, 103]","[33, 111, 102, 43, 101]","[30, 44, 100, 34, 44]","[21, 42, 44, 31, 33]","[20, 34, 41, 22, 24]","[13, 32, 31, 20, 20]","[10, 24, 22, 11, 14]","[3, 14, 13, 10, 11]","[1, 3, 12, 2, 4]","[0, 0, 4, 0, 2]","[0, 0, 2, 0, 0]"
"[44, 134, 121, 102, 112]","[42, 122, 112, 100, 103]","[33, 111, 102, 43, 101]","[30, 44, 100, 34, 44]","[21, 42, 44, 31, 33]","[20, 34, 41, 22, 24]","[13, 32, 31, 20, 20]","[10, 24, 22, 11, 14]","[3, 14, 13, 10, 11]","[1, 3, 12, 2, 4]","[0, 0, 4, 0, 2]","[0, 0, 2, 0, 0]"
"[101, 134, 112, 103, 113]","[43, 120, 110, 44, 111]","[40, 103, 103, 42, 102]","[30, 44, 100, 34, 44]","[21, 42, 44, 31, 33]","[20, 34, 41, 22, 24]","[13, 32, 31, 20, 20]","[10, 24, 22, 11, 14]","[3, 14, 13, 10, 11]","[1, 3, 12, 2, 4]","[0, 0, 4, 0, 2]","[0, 0, 2, 0, 0]"
"[101, 141, 112, 101, 113]","[43, 120, 110, 44, 111]","[40, 103, 103, 42, 102]","[30, 44, 100, 34, 44]","[21, 42, 44, 31, 33]","[20, 34, 41, 22, 24]","[13, 32, 31, 20, 20]","[10, 24, 22, 11, 14]","[3, 14, 13, 10, 11]","[1, 3, 12, 2, 4]","[0, 0, 4, 0, 2]","[0, 0, 2, 0, 0]"
"[101, 142, 113, 102, 111]","[43, 122, 110, 100, 104]","[33, 111, 102, 43, 101]","[30, 44, 100, 34, 44]","[21, 42, 44, 31, 33]","[20, 34, 41, 22, 24]","[13, 32, 31, 20, 20]","[10, 24, 22, 11, 14]","[3, 14, 13, 10, 11]","[1, 3, 12, 2, 4]","[0, 0, 4, 0, 2]","[0, 0, 2, 0, 0]"
"[101, 143, 111, 103, 111]","[43, 122, 110, 100, 104]","[33, 111, 102, 43, 101]","[30, 44, 100, 34, 44]","[21, 42, 44, 31, 33]","[20, 34, 41, 22, 24]","[13, 32, 31, 20, 20]","[10, 24, 22, 11, 14]","[3, 14, 13, 10, 11]","[1, 3, 12, 2, 4]","[0, 0, 4, 0, 2]","[0, 0, 2, 0, 0]"
"[101, 143, 113, 101, 111]","[43, 122, 112, 43, 104]","[41, 112, 103, 40, 100]","[31, 101, 101, 33, 42]","[23, 40, 44, 24, 40]","[20, 34, 41, 22, 24]","[13, 32, 31, 20, 20]","[10, 24, 22, 11, 14]","[3, 14, 13, 10, 11]","[1, 3, 12, 2, 4]","[0, 0, 4, 0, 2]","[0, 0, 2, 0, 0]"
"[102, 134, 120, 103, 110]","[42, 122, 112, 100, 103]","[33, 111, 102, 43, 101]","[30, 44, 100, 34, 44]","[21, 42, 44, 31, 33]","[20, 34, 41, 22, 24]","[13, 32, 31, 20, 20]","[10, 24, 22, 11, 14]","[3, 14, 13, 10, 11]","[1, 3, 12, 2, 4]","[0, 0, 4, 0, 2]","[0, 0, 2, 0, 0]"
"[102, 141, 120, 101, 110]","[42, 122, 112, 100, 103]","[33, 111, 102, 43, 101]","[30, 44, 100, 34, 44]","[21, 42, 44, 31, 33]","[20, 34, 41, 22, 24]","[13, 32, 31, 20, 20]","[10, 24, 22, 11, 14]","[3, 14, 13, 10, 11]","[1, 3, 12, 2, 4]","[0, 0, 4, 0, 2]","[0, 0, 2, 0, 0]"
"[103, 140, 114, 100, 112]","[43, 122, 112, 43, 104]","[41, 112, 103, 40, 100]","[31, 101, 101, 33, 42]","[23, 40, 44, 24, 40]","[20, 34, 41, 22, 24]","[13, 32, 31, 20, 20]","[10, 24, 22, 11, 14]","[3, 14, 13, 10, 11]","[1, 3, 12, 2, 4]","[0, 0, 4, 0, 2]","[0, 0, 2, 0, 0]"
"[103, 201, 112, 112, 100]","[43, 133, 103, 110, 44]","[40, 123, 102, 100, 40]","[24, 114, 44, 43, 32]","[23, 111, 41, 40, 21]","[21, 100, 33, 33, 13]","[13, 41, 31, 22, 12]","[12, 31, 22, 14, 10]","[10, 21, 13, 12, 3]","[3, 11, 10, 4, 2]","[1, 2, 3, 2, 0]"
"[41, 201, 122, 110, 114]","[33, 133, 113, 104, 111]","[31, 120, 112, 43, 104]","[23, 104, 104, 40, 101]","[13, 44, 102, 33, 42]","[11, 41, 44, 24, 33]","[10, 32, 42, 21, 23]","[3, 24, 32, 13, 21]","[2, 21, 23, 4, 14]","[1, 13, 14, 2, 11]","[0, 2, 12, 0, 4]","[0, 0, 4, 0, 2]","[0, 0, 2, 0, 0]"
"[100, 200, 122, 103, 114]","[34, 134, 113, 101, 112]","[32, 121, 111, 42, 104]","[30, 104, 102, 40, 101]","[14, 44, 100, 33, 43]","[11, 41, 44, 24, 33]","[10, 32, 42, 21, 23]","[3, 24, 32, 13, 21]","[2, 21, 23, 4, 14]","[1, 13, 14, 2, 11]","[0, 2, 12, 0, 4]","[0, 0, 4, 0, 2]","[0, 0, 2, 0, 0]"
"[102, 201, 113, 104, 114]","[43, 133, 110, 102, 111]","[40, 120, 103, 43, 104]","[30, 111, 101, 40, 100]","[14, 44, 100, 33, 43]","[11, 41, 44, 24, 33]","[10, 32, 42, 21, 23]","[3, 24, 32, 13, 21]","[2, 21, 23, 4, 14]","[1, 13, 14, 2, 11]","[0, 2, 12, 0, 4]","[0, 0, 4, 0, 2]","[0, 0, 2, 0, 0]"
"[102, 201, 121, 102, 113]","[43, 133, 111, 100, 112]","[40, 120, 104, 41, 110]","[30, 104, 102, 40, 101]","[14, 44, 100, 33, 43]","[11, 41, 44, 24, 33]","[10, 32, 42, 21, 23]","[3, 24, 32, 13, 21]","[2, 21, 23, 4, 14]","[1, 13, 14, 2, 11]","[0, 2, 12, 0, 4]","[0, 0, 4, 0, 2]","[0, 0, 2, 0, 0]"
"[103, 144, 120, 102, 120]","[43, 133, 111, 100, 112]","[40, 120, 104, 41, 110]","[30, 104, 102, 40, 101]","[14, 44, 100, 33, 43]","[11, 41, 44, 24, 33]","[10, 32, 42, 21, 23]","[3, 24, 32, 13, 21]","[2, 21, 23, 4, 14]","[1, 13, 14, 2, 11]","[0, 2, 12, 0, 4]","[0, 0, 4, 0, 2]","[0, 0, 2, 0, 0]"
"[104, 200, 114, 101, 120]","[43, 133, 111, 100, 112]","[40, 120, 104, 41, 110]","[30, 104, 102, 40, 101]","[14, 44, 100, 33, 43]","[11, 41, 44, 24, 33]","[10, 32, 42, 21, 23]","[3, 24, 32, 13, 21]","[2, 21, 23, 4, 14]","[1, 13, 14, 2, 11]","[0, 2, 12, 0, 4]","[0, 0, 4, 0, 2]","[0, 0, 2, 0, 0]"
"[110, 202, 104, 112, 113]","[101, 134, 100, 110, 111]","[41, 114, 44, 103, 104]","[33, 103, 43, 101, 43]","[30, 44, 42, 40, 40]","[21, 43, 40, 33, 24]","[14, 41, 32, 24, 20]","[12, 33, 23, 22, 11]","[11, 24, 13, 13, 10]","[4, 13, 11, 10, 3]","[2, 3, 10, 2, 1]","[0, 0, 2, 0, 0]"
"[111, 211, 111, 104, 111]","[104, 133, 104, 103, 104]","[44, 122, 103, 44, 100]","[40, 113, 100, 42, 40]","[30, 104, 43, 40, 31]","[21, 101, 42, 31, 22]","[14, 41, 32, 24, 20]","[12, 33, 23, 22, 11]","[11, 24, 13, 13, 10]","[4, 13, 11, 10, 3]","[2, 3, 10, 2, 1]","[0, 0, 2, 0, 0]"
"[114, 204, 113, 102, 110]","[110, 141, 110, 100, 102]","[44, 122, 103, 44, 100]","[40, 113, 100, 42, 40]","[30, 104, 43, 40, 31]","[21, 101, 42, 31, 22]","[14, 41, 32, 24, 20]","[12, 33, 23, 22, 11]","[11, 24, 13, 13, 10]","[4, 13, 11, 10, 3]","[2, 3, 10, 2, 1]","[0, 0, 2, 0, 0]"
"[114, 210, 111, 103, 110]","[110, 140, 104, 101, 103]","[44, 122, 103, 44, 100]","[40, 113, 100, 42, 40]","[30, 104, 43, 40, 31]","[21, 101, 42, 31, 22]","[14, 41, 32, 24, 20]","[12, 33, 23, 22, 11]","[11, 24, 13, 13, 10]","[4, 13, 11, 10, 3]","[2, 3, 10, 2, 1]","[0, 0, 2, 0, 0]"
"[120, 202, 114, 102, 110]","[110, 140, 104, 101, 103]","[44, 122, 103, 44, 100]","[40, 113, 100, 42, 40]","[30, 104, 43, 40, 31]","[21, 101, 42, 31, 22]","[14, 41, 32, 24, 20]","[12, 33, 23, 22, 11]","[11, 24, 13, 13, 10]","[4, 13, 11, 10, 3]","[2, 3, 10, 2, 1]","[0, 0, 2, 0, 0]"
"[120, 202, 121, 102, 103]","[110, 141, 110, 100, 102]","[44, 122, 103, 44, 100]","[40, 113, 100, 42, 40]","[30, 104, 43, 40, 31]","[21, 101, 42, 31, 22]","[14, 41, 32, 24, 20]","[12, 33, 23, 22, 11]","[11, 24, 13, 13, 10]","[4, 13, 11, 10, 3]","[2, 3, 10, 2, 1]","[0, 0, 2, 0, 0]"
"[101, 144, 123, 110, 124]","[43, 131, 120, 103, 120]","[34, 120, 112, 44, 113]","[32, 104, 104, 41, 104]","[23, 44, 102, 34, 44]","[21, 42, 44, 31, 33]","[20, 34, 41, 22, 24]","[13, 32, 31, 20, 20]","[10, 24, 22, 11, 14]","[3, 14, 13, 10, 11]","[1, 3, 12, 2, 4]","[0, 0, 4, 0, 2]","[0, 0, 2, 0, 0]"
"[104, 211, 122, 103, 114]","[101, 143, 113, 101, 111]","[43, 122, 112, 43, 104]","[41, 112, 103, 40, 100]","[31, 101, 101, 33, 42]","[23, 40, 44, 24, 40]","[20, 34, 41, 22, 24]","[13, 32, 31, 20, 20]","[10, 24, 22, 11, 14]","[3, 14, 13, 10, 11]","[1, 3, 12, 2, 4]","[0, 0, 4, 0, 2]","[0, 0, 2, 0, 0]"
"[110, 210, 122, 104, 113]","[101, 142, 113, 102, 111]","[43, 122, 110, 100, 104]","[33, 111, 102, 43, 101]","[30, 44, 100, 34, 44]","[21, 42, 44, 31, 33]","[20, 34, 41, 22, 24]","[13, 32, 31, 20, 20]","[10, 24, 22, 11, 14]","[3, 14, 13, 10, 11]","[1, 3, 12, 2, 4]","[0, 0, 4, 0, 2]","[0, 0, 2, 0, 0]"
"[42, 212, 134, 112, 122]","[41, 201, 122, 110, 114]","[33, 133, 113, 104, 111]","[31, 120, 112, 43, 104]","[23, 104, 104, 40, 101]","[13, 44, 102, 33, 42]","[11, 41, 44, 24, 33]","[10, 32, 42, 21, 23]","[3, 24, 32, 13, 21]","[2, 21, 23, 4, 14]","[1, 13, 14, 2, 11]","[0, 2, 12, 0, 4]","[0, 0, 4, 0, 2]","[0, 0, 2, 0, 0]"
"[100, 214, 130, 113, 121]","[41, 201, 122, 110, 114]","[33, 133, 113, 104, 111]","[31, 120, 112, 43, 104]","[23, 104, 104, 40, 101]","[13, 44, 102, 33, 42]","[11, 41, 44, 24, 33]","[10, 32, 42, 21, 23]","[3, 24, 32, 13, 21]","[2, 21, 23, 4, 14]","[1, 13, 14, 2, 11]","[0, 2, 12, 0, 4]","[0, 0, 4, 0, 2]","[0, 0, 2, 0, 0]"
"[103, 213, 131, 112, 120]","[100, 200, 122, 103, 114]","[34, 134, 113, 101, 112]","[32, 121, 111, 42, 104]","[30, 104, 102, 40, 101]","[14, 44, 100, 33, 43]","[11, 41, 44, 24, 33]","[10, 32, 42, 21, 23]","[3, 24, 32, 13, 21]","[2, 21, 23, 4, 14]","[1, 13, 14, 2, 11]","[0, 2, 12, 0, 4]","[0, 0, 4, 0, 2]","[0, 0, 2, 0, 0]"
"[103, 214, 130, 111, 121]","[100, 200, 122, 103, 114]","[34, 134, 113, 101, 112]","[32, 121, 111, 42, 104]","[30, 104, 102, 40, 101]","[14, 44, 100, 33, 43]","[11, 41, 44, 24, 33]","[10, 32, 42, 21, 23]","[3, 24, 32, 13, 21]","[2, 21, 23, 4, 14]","[1, 13, 14, 2, 11]","[0, 2, 12, 0, 4]","[0, 0, 4, 0, 2]","[0, 0, 2, 0, 0]"
"[104, 214, 123, 111, 122]","[102, 201, 113, 104, 114]","[43, 133, 110, 102, 111]","[40, 120, 103, 43, 104]","[30, 111, 101, 40, 100]","[14, 44, 100, 33, 43]","[11, 41, 44, 24, 33]","[10, 32, 42, 21, 23]","[3, 24, 32, 13, 21]","[2, 21, 23, 4, 14]","[1, 13, 14, 2, 11]","[0, 2, 12, 0, 4]","[0, 0, 4, 0, 2]","[0, 0, 2, 0, 0]"
"[111, 212, 130, 104, 122]","[103, 144, 120, 102, 120]","[43, 133, 111, 100, 112]","[40, 120, 104, 41, 110]","[30, 104, 102, 40, 101]","[14, 44, 100, 33, 43]","[11, 41, 44, 24, 33]","[10, 32, 42, 21, 23]","[3, 24, 32, 13, 21]","[2, 21, 23, 4, 14]","[1, 13, 14, 2, 11]","[0, 2, 12, 0, 4]","[0, 0, 4, 0, 2]","[0, 0, 2, 0, 0]"
"[112, 231, 114, 113, 113]","[111, 211, 111, 104, 111]","[104, 133, 104, 103, 104]","[44, 122, 103, 44, 100]","[40, 113, 100, 42, 40]","[30, 104, 43, 40, 31]","[21, 101, 42, 31, 22]","[14, 41, 32, 24, 20]","[12, 33, 23, 22, 11]","[11, 24, 13, 13, 10]","[4, 13, 11, 10, 3]","[2, 3, 10, 2, 1]","[0, 0, 2, 0, 0]"
"[112, 231, 122, 111, 112]","[111, 211, 111, 104, 111]","[104, 133, 104, 103, 104]","[44, 122, 103, 44, 100]","[40, 113, 100, 42, 40]","[30, 104, 43, 40, 31]","[21, 101, 42, 31, 22]","[14, 41, 32, 24, 20]","[12, 33, 23, 22, 11]","[11, 24, 13, 13, 10]","[4, 13, 11, 10, 3]","[2, 3, 10, 2, 1]","[0, 0, 2, 0, 0]"
"[113, 224, 120, 113, 113]","[111, 211, 111, 104, 111]","[104, 133, 104, 103, 104]","[44, 122, 103, 44, 100]","[40, 113, 100, 42, 40]","[30, 104, 43, 40, 31]","[21, 101, 42, 31, 22]","[14, 41, 32, 24, 20]","[12, 33, 23, 22, 11]","[11, 24, 13, 13, 10]","[4, 13, 11, 10, 3]","[2, 3, 10, 2, 1]","[0, 0, 2, 0, 0]"
"[113, 230, 113, 114, 113]","[111, 211, 111, 104, 111]","[104, 133, 104, 103, 104]","[44, 122, 103, 44, 100]","[40, 113, 100, 42, 40]","[30, 104, 43, 40, 31]","[21, 101, 42, 31, 22]","[14, 41, 32, 24, 20]","[12, 33, 23, 22, 11]","[11, 24, 13, 13, 10]","[4, 13, 11, 10, 3]","[2, 3, 10, 2, 1]","[0, 0, 2, 0, 0]"
"[113, 230, 114, 112, 114]","[111, 211, 111, 104, 111]","[104, 133, 104, 103, 104]","[44, 122, 103, 44, 100]","[40, 113, 100, 42, 40]","[30, 104, 43, 40, 31]","[21, 101, 42, 31, 22]","[14, 41, 32, 24, 20]","[12, 33, 23, 22, 11]","[11, 24, 13, 13, 10]","[4, 13, 11, 10, 3]","[2, 3, 10, 2, 1]","[0, 0, 2, 0, 0]"
"[113, 230, 121, 112, 112]","[111, 211, 111, 104, 111]","[104, 133, 104, 103, 104]","[44, 122, 103, 44, 100]","[40, 113, 100, 42, 40]","[30, 104, 43, 40, 31]","[21, 101, 42, 31, 22]","[14, 41, 32, 24, 20]","[12, 33, 23, 22, 11]","[11, 24, 13, 13, 10]","[4, 13, 11, 10, 3]","[2, 3, 10, 2, 1]","[0, 0, 2, 0, 0]"
"[121, 223, 123, 110, 111]","[114, 204, 113, 102, 110]","[110, 141, 110, 100, 102]","[44, 122, 103, 44, 100]","[40, 113, 100, 42, 40]","[30, 104, 43, 40, 31]","[21, 101, 42, 31, 22]","[14, 41, 32, 24, 20]","[12, 33, 23, 22, 11]","[11, 24, 13, 13, 10]","[4, 13, 11, 10, 3]","[2, 3, 10, 2, 1]","[0, 0, 2, 0, 0]"
"[122, 220, 124, 104, 113]","[114, 204, 113, 102, 110]","[110, 141, 110, 100, 102]","[44, 122, 103, 44, 100]","[40, 113, 100, 42, 40]","[30, 104, 43, 40, 31]","[21, 101, 42, 31, 22]","[14, 41, 32, 24, 20]","[12, 33, 23, 22, 11]","[11, 24, 13, 13, 10]","[4, 13, 11, 10, 3]","[2, 3, 10, 2, 1]","[0, 0, 2, 0, 0]"
"[103, 212, 132, 114, 131]","[101, 144, 123, 110, 124]","[43, 131, 120, 103, 120]","[34, 120, 112, 44, 113]","[32, 104, 104, 41, 104]","[23, 44, 102, 34, 44]","[21, 42, 44, 31, 33]","[20, 34, 41, 22, 24]","[13, 32, 31, 20, 20]","[10, 24, 22, 11, 14]","[3, 14, 13, 10, 11]","[1, 3, 12, 2, 4]","[0, 0, 4, 0, 2]","[0, 0, 2, 0, 0]"
"[112, 230, 131, 111, 120]","[104, 211, 122, 103, 114]","[101, 143, 113, 101, 111]","[43, 122, 112, 43, 104]","[41, 112, 103, 40, 100]","[31, 101, 101, 33, 42]","[23, 40, 44, 24, 40]","[20, 34, 41, 22, 24]","[13, 32, 31, 20, 20]","[10, 24, 22, 11, 14]","[3, 14, 13, 10, 11]","[1, 3, 12, 2, 4]","[0, 0, 4, 0, 2]","[0, 0, 2, 0, 0]"
"[112, 230, 133, 120, 124]","[104, 214, 123, 111, 122]","[102, 201, 113, 104, 114]","[43, 133, 110, 102, 111]","[40, 120, 103, 43, 104]","[30, 111, 101, 40, 100]","[14, 44, 100, 33, 43]","[11, 41, 44, 24, 33]","[10, 32, 42, 21, 23]","[3, 24, 32, 13, 21]","[2, 21, 23, 4, 14]","[1, 13, 14, 2, 11]","[0, 2, 12, 0, 4]","[0, 0, 4, 0, 2]","[0, 0, 2, 0, 0]"
"[113, 224, 133, 114, 130]","[111, 212, 130, 104, 122]","[103, 144, 120, 102, 120]","[43, 133, 111, 100, 112]","[40, 120, 104, 41, 110]","[30, 104, 102, 40, 101]","[14, 44, 100, 33, 43]","[11, 41, 44, 24, 33]","[10, 32, 42, 21, 23]","[3, 24, 32, 13, 21]","[2, 21, 23, 4, 14]","[1, 13, 14, 2, 11]","[0, 2, 12, 0, 4]","[0, 0, 4, 0, 2]","[0, 0, 2, 0, 0]"
"[120, 243, 131, 114, 120]","[112, 231, 122, 111, 112]","[111, 211, 111, 104, 111]","[104, 133, 104, 103, 104]","[44, 122, 103, 44, 100]","[40, 113, 100, 42, 40]","[30, 104, 43, 40, 31]","[21, 101, 42, 31, 22]","[14, 41, 32, 24, 20]","[12, 33, 23, 22, 11]","[11, 24, 13, 13, 10]","[4, 13, 11, 10, 3]","[2, 3, 10, 2, 1]","[0, 0, 2, 0, 0]"
"[121, 242, 130, 120, 120]","[112, 231, 114, 113, 113]","[111, 211, 111, 104, 111]","[104, 133, 104, 103, 104]","[44, 122, 103, 44, 100]","[40, 113, 100, 42, 40]","[30, 104, 43, 40, 31]","[21, 101, 42, 31, 22]","[14, 41, 32, 24, 20]","[12, 33, 23, 22, 11]","[11, 24, 13, 13, 10]","[4, 13, 11, 10, 3]","[2, 3, 10, 2, 1]","[0, 0, 2, 0, 0]"
"[122, 240, 131, 120, 120]","[113, 224, 120, 113, 113]","[111, 211, 111, 104, 111]","[104, 133, 104, 103, 104]","[44, 122, 103, 44, 100]","[40, 113, 100, 42, 40]","[30, 104, 43, 40, 31]","[21, 101, 42, 31, 22]","[14, 41, 32, 24, 20]","[12, 33, 23, 22, 11]","[11, 24, 13, 13, 10]","[4, 13, 11, 10, 3]","[2, 3, 10, 2, 1]","[0, 0, 2, 0, 0]"
"[110, 223, 142, 123, 134]","[103, 212, 132, 114, 131]","[101, 144, 123, 110, 124]","[43, 131, 120, 103, 120]","[34, 120, 112, 44, 113]","[32, 104, 104, 41, 104]","[23, 44, 102, 34, 44]","[21, 42, 44, 31, 33]","[20, 34, 41, 22, 24]","[13, 32, 31, 20, 20]","[10, 24, 22, 11, 14]","[3, 14, 13, 10, 11]","[1, 3, 12, 2, 4]","[0, 0, 4, 0, 2]","[0, 0, 2, 0, 0]"
"[111, 224, 142, 120, 140]","[103, 212, 132, 114, 131]","[101, 144, 123, 110, 124]","[43, 131, 120, 103, 120]","[34, 120, 112, 44, 113]","[32, 104, 104, 41, 104]","[23, 44, 102, 34, 44]","[21, 42, 44, 31, 33]","[20, 34, 41, 22, 24]","[13, 32, 31, 20, 20]","[10, 24, 22, 11, 14]","[3, 14, 13, 10, 11]","[1, 3, 12, 2, 4]","[0, 0, 4, 0, 2]","[0, 0, 2, 0, 0]"
"[114, 242, 134, 114, 130]","[112, 230, 131, 111, 120]","[104, 211, 122, 103, 114]","[101, 143, 113, 101, 111]","[43, 122, 112, 43, 104]","[41, 112, 103, 40, 100]","[31, 101, 101, 33, 42]","[23, 40, 44, 24, 40]","[20, 34, 41, 22, 24]","[13, 32, 31, 20, 20]","[10, 24, 22, 11, 14]","[3, 14, 13, 10, 11]","[1, 3, 12, 2, 4]","[0, 0, 4, 0, 2]","[0, 0, 2, 0, 0]"
"[121, 234, 200, 122, 132]","[113, 224, 133, 114, 130]","[111, 212, 130, 104, 122]","[103, 144, 120, 102, 120]","[43, 133, 111, 100, 112]","[40, 120, 104, 41, 110]","[30, 104, 102, 40, 101]","[14, 44, 100, 33, 43]","[11, 41, 44, 24, 33]","[10, 32, 42, 21, 23]","[3, 24, 32, 13, 21]","[2, 21, 23, 4, 14]","[1, 13, 14, 2, 11]","[0, 2, 12, 0, 4]","[0, 0, 4, 0, 2]","[0, 0, 2, 0, 0]"
"[122, 304, 141, 123, 123]","[120, 243, 131, 114, 120]","[112, 231, 122, 111, 112]","[111, 211, 111, 104, 111]","[104, 133, 104, 103, 104]","[44, 122, 103, 44, 100]","[40, 113, 100, 42, 40]","[30, 104, 43, 40, 31]","[21, 101, 42, 31, 22]","[14, 41, 32, 24, 20]","[12, 33, 23, 22, 11]","[11, 24, 13, 13, 10]","[4, 13, 11, 10, 3]","[2, 3, 10, 2, 1]","[0, 0, 2, 0, 0]"
"[122, 304, 142, 121, 124]","[120, 243, 131, 114, 120]","[112, 231, 122, 111, 112]","[111, 211, 111, 104, 111]","[104, 133, 104, 103, 104]","[44, 122, 103, 44, 100]","[40, 113, 100, 42, 40]","[30, 104, 43, 40, 31]","[21, 101, 42, 31, 22]","[14, 41, 32, 24, 20]","[12, 33, 23, 22, 11]","[11, 24, 13, 13, 10]","[4, 13, 11, 10, 3]","[2, 3, 10, 2, 1]","[0, 0, 2, 0, 0]"
"[123, 303, 133, 133, 121]","[121, 242, 130, 120, 120]","[112, 231, 114, 113, 113]","[111, 211, 111, 104, 111]","[104, 133, 104, 103, 104]","[44, 122, 103, 44, 100]","[40, 113, 100, 42, 40]","[30, 104, 43, 40, 31]","[21, 101, 42, 31, 22]","[14, 41, 32, 24, 20]","[12, 33, 23, 22, 11]","[11, 24, 13, 13, 10]","[4, 13, 11, 10, 3]","[2, 3, 10, 2, 1]","[0, 0, 2, 0, 0]"
"[123, 303, 134, 131, 122]","[121, 242, 130, 120, 120]","[112, 231, 114, 113, 113]","[111, 211, 111, 104, 111]","[104, 133, 104, 103, 104]","[44, 122, 103, 44, 100]","[40, 113, 100, 42, 40]","[30, 104, 43, 40, 31]","[21, 101, 42, 31, 22]","[14, 41, 32, 24, 20]","[12, 33, 23, 22, 11]","[11, 24, 13, 13, 10]","[4, 13, 11, 10, 3]","[2, 3, 10, 2, 1]","[0, 0, 2, 0, 0]"
"[123, 303, 140, 124, 123]","[120, 243, 131, 114, 120]","[112, 231, 122, 111, 112]","[111, 211, 111, 104, 111]","[104, 133, 104, 103, 104]","[44, 122, 103, 44, 100]","[40, 113, 100, 42, 40]","[30, 104, 43, 40, 31]","[21, 101, 42, 31, 22]","[14, 41, 32, 24, 20]","[12, 33, 23, 22, 11]","[11, 24, 13, 13, 10]","[4, 13, 11, 10, 3]","[2, 3, 10, 2, 1]","[0, 0, 2, 0, 0]"
"[123, 310, 133, 131, 121]","[121, 242, 130, 120, 120]","[112, 231, 114, 113, 113]","[111, 211, 111, 104, 111]","[104, 133, 104, 103, 104]","[44, 122, 103, 44, 100]","[40, 113, 100, 42, 40]","[30, 104, 43, 40, 31]","[21, 101, 42, 31, 22]","[14, 41, 32, 24, 20]","[12, 33, 23, 22, 11]","[11, 24, 13, 13, 10]","[4, 13, 11, 10, 3]","[2, 3, 10, 2, 1]","[0, 0, 2, 0, 0]"
"[124, 301, 142, 122, 124]","[122, 240, 131, 120, 120]","[113, 224, 120, 113, 113]","[111, 211, 111, 104, 111]","[104, 133, 104, 103, 104]","[44, 122, 103, 44, 100]","[40, 113, 100, 42, 40]","[30, 104, 43, 40, 31]","[21, 101, 42, 31, 22]","[14, 41, 32, 24, 20]","[12, 33, 23, 22, 11]","[11, 24, 13, 13, 10]","[4, 13, 11, 10, 3]","[2, 3, 10, 2, 1]","[0, 0, 2, 0, 0]"
"[124, 302, 134, 130, 123]","[121, 242, 130, 120, 120]","[112, 231, 114, 113, 113]","[111, 211, 111, 104, 111]","[104, 133, 104, 103, 104]","[44, 122, 103, 44, 100]","[40, 113, 100, 42, 40]","[30, 104, 43, 40, 31]","[21, 101, 42, 31, 22]","[14, 41, 32, 24, 20]","[12, 33, 23, 22, 11]","[11, 24, 13, 13, 10]","[4, 13, 11, 10, 3]","[2, 3, 10, 2, 1]","[0, 0, 2, 0, 0]"
"[124, 302, 140, 123, 124]","[121, 242, 130, 120, 120]","[112, 231, 114, 113, 113]","[111, 211, 111, 104, 111]","[104, 133, 104, 103, 104]","[44, 122, 103, 44, 100]","[40, 113, 100, 42, 40]","[30, 104, 43, 40, 31]","[21, 101, 42, 31, 22]","[14, 41, 32, 24, 20]","[12, 33, 23, 22, 11]","[11, 24, 13, 13, 10]","[4, 13, 11, 10, 3]","[2, 3, 10, 2, 1]","[0, 0, 2, 0, 0]"
"[130, 301, 134, 124, 124]","[122, 240, 131, 120, 120]","[113, 224, 120, 113, 113]","[111, 211, 111, 104, 111]","[104, 133, 104, 103, 104]","[44, 122, 103, 44, 100]","[40, 113, 100, 42, 40]","[30, 104, 43, 40, 31]","[21, 101, 42, 31, 22]","[14, 41, 32, 24, 20]","[12, 33, 23, 22, 11]","[11, 24, 13, 13, 10]","[4, 13, 11, 10, 3]","[2, 3, 10, 2, 1]","[0, 0, 2, 0, 0]"
"[130, 302, 134, 130, 122]","[121, 242, 130, 120, 120]","[112, 231, 114, 113, 113]","[111, 211, 111, 104, 111]","[104, 133, 104, 103, 104]","[44, 122, 103, 44, 100]","[40, 113, 100, 42, 40]","[30, 104, 43, 40, 31]","[21, 101, 42, 31, 22]","[14, 41, 32, 24, 20]","[12, 33, 23, 22, 11]","[11, 24, 13, 13, 10]","[4, 13, 11, 10, 3]","[2, 3, 10, 2, 1]","[0, 0, 2, 0, 0]"
"[113, 240, 201, 131, 142]","[110, 223, 142, 123, 134]","[103, 212, 132, 114, 131]","[101, 144, 123, 110, 124]","[43, 131, 120, 103, 120]","[34, 120, 112, 44, 113]","[32, 104, 104, 41, 104]","[23, 44, 102, 34, 44]","[21, 42, 44, 31, 33]","[20, 34, 41, 22, 24]","[13, 32, 31, 20, 20]","[10, 24, 22, 11, 14]","[3, 14, 13, 10, 11]","[1, 3, 12, 2, 4]","[0, 0, 4, 0, 2]","[0, 0, 2, 0, 0]"
"[113, 241, 201, 123, 144]","[111, 224, 142, 120, 140]","[103, 212, 132, 114, 131]","[101, 144, 123, 110, 124]","[43, 131, 120, 103, 120]","[34, 120, 112, 44, 113]","[32, 104, 104, 41, 104]","[23, 44, 102, 34, 44]","[21, 42, 44, 31, 33]","[20, 34, 41, 22, 24]","[13, 32, 31, 20, 20]","[10, 24, 22, 11, 14]","[3, 14, 13, 10, 11]","[1, 3, 12, 2, 4]","[0, 0, 4, 0, 2]","[0, 0, 2, 0, 0]"
"[122, 302, 202, 122, 131]","[114, 242, 134, 114, 130]","[112, 230, 131, 111, 120]","[104, 211, 122, 103, 114]","[101, 143, 113, 101, 111]","[43, 122, 112, 43, 104]","[41, 112, 103, 40, 100]","[31, 101, 101, 33, 42]","[23, 40, 44, 24, 40]","[20, 34, 41, 22, 24]","[13, 32, 31, 20, 20]","[10, 24, 22, 11, 14]","[3, 14, 13, 10, 11]","[1, 3, 12, 2, 4]","[0, 0, 4, 0, 2]","[0, 0, 2, 0, 0]"
"[130, 243, 203, 133, 140]","[121, 234, 200, 122, 132]","[113, 224, 133, 114, 130]","[111, 212, 130, 104, 122]","[103, 144, 120, 102, 120]","[43, 133, 111, 100, 112]","[40, 120, 104, 41, 110]","[30, 104, 102, 40, 101]","[14, 44, 100, 33, 43]","[11, 41, 44, 24, 33]","[10, 32, 42, 21, 23]","[3, 24, 32, 13, 21]","[2, 21, 23, 4, 14]","[1, 13, 14, 2, 11]","[0, 2, 12, 0, 4]","[0, 0, 4, 0, 2]","[0, 0, 2, 0, 0]"
"[124, 314, 202, 124, 134]","[122, 304, 142, 121, 124]","[120, 243, 131, 114, 120]","[112, 231, 122, 111, 112]","[111, 211, 111, 104, 111]","[104, 133, 104, 103, 104]","[44, 122, 103, 44, 100]","[40, 113, 100, 42, 40]","[30, 104, 43, 40, 31]","[21, 101, 42, 31, 22]","[14, 41, 32, 24, 20]","[12, 33, 23, 22, 11]","[11, 24, 13, 13, 10]","[4, 13, 11, 10, 3]","[2, 3, 10, 2, 1]","[0, 0, 2, 0, 0]"
"[130, 320, 143, 134, 131]","[122, 304, 141, 123, 123]","[120, 243, 131, 114, 120]","[112, 231, 122, 111, 112]","[111, 211, 111, 104, 111]","[104, 133, 104, 103, 104]","[44, 122, 103, 44, 100]","[40, 113, 100, 42, 40]","[30, 104, 43, 40, 31]","[21, 101, 42, 31, 22]","[14, 41, 32, 24, 20]","[12, 33, 23, 22, 11]","[11, 24, 13, 13, 10]","[4, 13, 11, 10, 3]","[2, 3, 10, 2, 1]","[0, 0, 2, 0, 0]"
"[131, 321, 141, 140, 130]","[123, 303, 134, 131, 122]","[121, 242, 130, 120, 120]","[112, 231, 114, 113, 113]","[111, 211, 111, 104, 111]","[104, 133, 104, 103, 104]","[44, 122, 103, 44, 100]","[40, 113, 100, 42, 40]","[30, 104, 43, 40, 31]","[21, 101, 42, 31, 22]","[14, 41, 32, 24, 20]","[12, 33, 23, 22, 11]","[11, 24, 13, 13, 10]","[4, 13, 11, 10, 3]","[2, 3, 10, 2, 1]","[0, 0, 2, 0, 0]"
"[131, 321, 200, 131, 130]","[122, 304, 142, 121, 124]","[120, 243, 131, 114, 120]","[112, 231, 122, 111, 112]","[111, 211, 111, 104, 111]","[104, 133, 104, 103, 104]","[44, 122, 103, 44, 100]","[40, 113, 100, 42, 40]","[30, 104, 43, 40, 31]","[21, 101, 42, 31, 22]","[14, 41, 32, 24, 20]","[12, 33, 23, 22, 11]","[11, 24, 13, 13, 10]","[4, 13, 11, 10, 3]","[2, 3, 10, 2, 1]","[0, 0, 2, 0, 0]"
"[132, 312, 201, 133, 130]","[124, 301, 142, 122, 124]","[122, 240, 131, 120, 120]","[113, 224, 120, 113, 113]","[111, 211, 111, 104, 111]","[104, 133, 104, 103, 104]","[44, 122, 103, 44, 100]","[40, 113, 100, 42, 40]","[30, 104, 43, 40, 31]","[21, 101, 42, 31, 22]","[14, 41, 32, 24, 20]","[12, 33, 23, 22, 11]","[11, 24, 13, 13, 10]","[4, 13, 11, 10, 3]","[2, 3, 10, 2, 1]","[0, 0, 2, 0, 0]"
"[133, 314, 140, 140, 131]","[130, 302, 134, 130, 122]","[121, 242, 130, 120, 120]","[112, 231, 114, 113, 113]","[111, 211, 111, 104, 111]","[104, 133, 104, 103, 104]","[44, 122, 103, 44, 100]","[40, 113, 100, 42, 40]","[30, 104, 43, 40, 31]","[21, 101, 42, 31, 22]","[14, 41, 32, 24, 20]","[12, 33, 23, 22, 11]","[11, 24, 13, 13, 10]","[4, 13, 11, 10, 3]","[2, 3, 10, 2, 1]","[0, 0, 2, 0, 0]"
"[123, 300, 212, 132, 200]","[113, 241, 201, 123, 144]","[111, 224, 142, 120, 140]","[103, 212, 132, 114, 131]","[101, 144, 123, 110, 124]","[43, 131, 120, 103, 120]","[34, 120, 112, 44, 113]","[32, 104, 104, 41, 104]","[23, 44, 102, 34, 44]","[21, 42, 44, 31, 33]","[20, 34, 41, 22, 24]","[13, 32, 31, 20, 20]","[10, 24, 22, 11, 14]","[3, 14, 13, 10, 11]","[1, 3, 12, 2, 4]","[0, 0, 4, 0, 2]","[0, 0, 2, 0, 0]"
"[123, 301, 210, 133, 200]","[113, 241, 201, 123, 144]","[111, 224, 142, 120, 140]","[103, 212, 132, 114, 131]","[101, 144, 123, 110, 124]","[43, 131, 120, 103, 120]","[34, 120, 112, 44, 113]","[32, 104, 104, 41, 104]","[23, 44, 102, 34, 44]","[21, 42, 44, 31, 33]","[20, 34, 41, 22, 24]","[13, 32, 31, 20, 20]","[10, 24, 22, 11, 14]","[3, 14, 13, 10, 11]","[1, 3, 12, 2, 4]","[0, 0, 4, 0, 2]","[0, 0, 2, 0, 0]"
"[130, 300, 210, 132, 200]","[113, 241, 201, 123, 144]","[111, 224, 142, 120, 140]","[103, 212, 132, 114, 131]","[101, 144, 123, 110, 124]","[43, 131, 120, 103, 120]","[34, 120, 112, 44, 113]","[32, 104, 104, 41, 104]","[23, 44, 102, 34, 44]","[21, 42, 44, 31, 33]","[20, 34, 41, 22, 24]","[13, 32, 31, 20, 20]","[10, 24, 22, 11, 14]","[3, 14, 13, 10, 11]","[1, 3, 12, 2, 4]","[0, 0, 4, 0, 2]","[0, 0, 2, 0, 0]"
"[123, 314, 211, 132, 134]","[122, 302, 202, 122, 131]","[114, 242, 134, 114, 130]","[112, 230, 131, 111, 120]","[104, 211, 122, 103, 114]","[101, 143, 113, 101, 111]","[43, 122, 112, 43, 104]","[41, 112, 103, 40, 100]","[31, 101, 101, 33, 42]","[23, 40, 44, 24, 40]","[20, 34, 41, 22, 24]","[13, 32, 31, 20, 20]","[10, 24, 22, 11, 14]","[3, 14, 13, 10, 11]","[1, 3, 12, 2, 4]","[0, 0, 4, 0, 2]","[0, 0, 2, 0, 0]"
"[124, 313, 210, 133, 134]","[122, 302, 202, 122, 131]","[114, 242, 134, 114, 130]","[112, 230, 131, 111, 120]","[104, 211, 122, 103, 114]","[101, 143, 113, 101, 111]","[43, 122, 112, 43, 104]","[41, 112, 103, 40, 100]","[31, 101, 101, 33, 42]","[23, 40, 44, 24, 40]","[20, 34, 41, 22, 24]","[13, 32, 31, 20, 20]","[10, 24, 22, 11, 14]","[3, 14, 13, 10, 11]","[1, 3, 12, 2, 4]","[0, 0, 4, 0, 2]","[0, 0, 2, 0, 0]"
"[131, 311, 212, 142, 143]","[130, 243, 203, 133, 140]","[121, 234, 200, 122, 132]","[113, 224, 133, 114, 130]","[111, 212, 130, 104, 122]","[103, 144, 120, 102, 120]","[43, 133, 111, 100, 112]","[40, 120, 104, 41, 110]","[30, 104, 102, 40, 101]","[14, 44, 100, 33, 43]","[11, 41, 44, 24, 33]","[10, 32, 42, 21, 23]","[3, 24, 32, 13, 21]","[2, 21, 23, 4, 14]","[1, 13, 14, 2, 11]","[0, 2, 12, 0, 4]","[0, 0, 4, 0, 2]","[0, 0, 2, 0, 0]"
"[131, 312, 211, 141, 144]","[130, 243, 203, 133, 140]","[121, 234, 200, 122, 132]","[113, 224, 133, 114, 130]","[111, 212, 130, 104, 122]","[103, 144, 120, 102, 120]","[43, 133, 111, 100, 112]","[40, 120, 104, 41, 110]","[30, 104, 102, 40, 101]","[14, 44, 100, 33, 43]","[11, 41, 44, 24, 33]","[10, 32, 42, 21, 23]","[3, 24, 32, 13, 21]","[2, 21, 23, 4, 14]","[1, 13, 14, 2, 11]","[0, 2, 12, 0, 4]","[0, 0, 4, 0, 2]","[0, 0, 2, 0, 0]"
"[132, 303, 212, 143, 144]","[130, 243, 203, 133, 140]","[121, 234, 200, 122, 132]","[113, 224, 133, 114, 130]","[111, 212, 130, 104, 122]","[103, 144, 120, 102, 120]","[43, 133, 111, 100, 112]","[40, 120, 104, 41, 110]","[30, 104, 102, 40, 101]","[14, 44, 100, 33, 43]","[11, 41, 44, 24, 33]","[10, 32, 42, 21, 23]","[3, 24, 32, 13, 21]","[2, 21, 23, 4, 14]","[1, 13, 14, 2, 11]","[0, 2, 12, 0, 4]","[0, 0, 4, 0, 2]","[0, 0, 2, 0, 0]"
"[132, 310, 211, 143, 143]","[130, 243, 203, 133, 140]","[121, 234, 200, 122, 132]","[113, 224, 133, 114, 130]","[111, 212, 130, 104, 122]","[103, 144, 120, 102, 120]","[43, 133, 111, 100, 112]","[40, 120, 104, 41, 110]","[30, 104, 102, 40, 101]","[14, 44, 100, 33, 43]","[11, 41, 44, 24, 33]","[10, 32, 42, 21, 23]","[3, 24, 32, 13, 21]","[2, 21, 23, 4, 14]","[1, 13, 14, 2, 11]","[0, 2, 12, 0, 4]","[0, 0, 4, 0, 2]","[0, 0, 2, 0, 0]"
"[132, 310, 212, 141, 144]","[130, 243, 203, 133, 140]","[121, 234, 200, 122, 132]","[113, 224, 133, 114, 130]","[111, 212, 130, 104, 122]","[103, 144, 120, 102, 120]","[43, 133, 111, 100, 112]","[40, 120, 104, 41, 110]","[30, 104, 102, 40, 101]","[14, 44, 100, 33, 43]","[11, 41, 44, 24, 33]","[10, 32, 42, 21, 23]","[3, 24, 32, 13, 21]","[2, 21, 23, 4, 14]","[1, 13, 14, 2, 11]","[0, 2, 12, 0, 4]","[0, 0, 4, 0, 2]","[0, 0, 2, 0, 0]"
"[131, 331, 210, 134, 142]","[124, 314, 202, 124, 134]","[122, 304, 142, 121, 124]","[120, 243, 131, 114, 120]","[112, 231, 122, 111, 112]","[111, 211, 111, 104, 111]","[104, 133, 104, 103, 104]","[44, 122, 103, 44, 100]","[40, 113, 100, 42, 40]","[30, 104, 43, 40, 31]","[21, 101, 42, 31, 22]","[14, 41, 32, 24, 20]","[12, 33, 23, 22, 11]","[11, 24, 13, 13, 10]","[4, 13, 11, 10, 3]","[2, 3, 10, 2, 1]","[0, 0, 2, 0, 0]"
"[132, 332, 144, 144, 141]","[131, 321, 141, 140, 130]","[123, 303, 134, 131, 122]","[121, 242, 130, 120, 120]","[112, 231, 114, 113, 113]","[111, 211, 111, 104, 111]","[104, 133, 104, 103, 104]","[44, 122, 103, 44, 100]","[40, 113, 100, 42, 40]","[30, 104, 43, 40, 31]","[21, 101, 42, 31, 22]","[14, 41, 32, 24, 20]","[12, 33, 23, 22, 11]","[11, 24, 13, 13, 10]","[4, 13, 11, 10, 3]","[2, 3, 10, 2, 1]","[0, 0, 2, 0, 0]"
"[133, 331, 144, 202, 133]","[131, 321, 141, 140, 130]","[123, 303, 134, 131, 122]","[121, 242, 130, 120, 120]","[112, 231, 114, 113, 113]","[111, 211, 111, 104, 111]","[104, 133, 104, 103, 104]","[44, 122, 103, 44, 100]","[40, 113, 100, 42, 40]","[30, 104, 43, 40, 31]","[21, 101, 42, 31, 22]","[14, 41, 32, 24, 20]","[12, 33, 23, 22, 11]","[11, 24, 13, 13, 10]","[4, 13, 11, 10, 3]","[2, 3, 10, 2, 1]","[0, 0, 2, 0, 0]"
"[134, 322, 210, 143, 134]","[132, 312, 201, 133, 130]","[124, 301, 142, 122, 124]","[122, 240, 131, 120, 120]","[113, 224, 120, 113, 113]","[111, 211, 111, 104, 111]","[104, 133, 104, 103, 104]","[44, 122, 103, 44, 100]","[40, 113, 100, 42, 40]","[30, 104, 43, 40, 31]","[21, 101, 42, 31, 22]","[14, 41, 32, 24, 20]","[12, 33, 23, 22, 11]","[11, 24, 13, 13, 10]","[4, 13, 11, 10, 3]","[2, 3, 10, 2, 1]","[0, 0, 2, 0, 0]"
"[134, 330, 143, 203, 133]","[131, 321, 141, 140, 130]","[123, 303, 134, 131, 122]","[121, 242, 130, 120, 120]","[112, 231, 114, 113, 113]","[111, 211, 111, 104, 111]","[104, 133, 104, 103, 104]","[44, 122, 103, 44, 100]","[40, 113, 100, 42, 40]","[30, 104, 43, 40, 31]","[21, 101, 42, 31, 22]","[14, 41, 32, 24, 20]","[12, 33, 23, 22, 11]","[11, 24, 13, 13, 10]","[4, 13, 11, 10, 3]","[2, 3, 10, 2, 1]","[0, 0, 2, 0, 0]"
"[134, 330, 203, 142, 134]","[131, 321, 200, 131, 130]","[122, 304, 142, 121, 124]","[120, 243, 131, 114, 120]","[112, 231, 122, 111, 112]","[111, 211, 111, 104, 111]","[104, 133, 104, 103, 104]","[44, 122, 103, 44, 100]","[40, 113, 100, 42, 40]","[30, 104, 43, 40, 31]","[21, 101, 42, 31, 22]","[14, 41, 32, 24, 20]","[12, 33, 23, 22, 11]","[11, 24, 13, 13, 10]","[4, 13, 11, 10, 3]","[2, 3, 10, 2, 1]","[0, 0, 2, 0, 0]"
"[140, 322, 210, 143, 133]","[132, 312, 201, 133, 130]","[124, 301, 142, 122, 124]","[122, 240, 131, 120, 120]","[113, 224, 120, 113, 113]","[111, 211, 111, 104, 111]","[104, 133, 104, 103, 104]","[44, 122, 103, 44, 100]","[40, 113, 100, 42, 40]","[30, 104, 43, 40, 31]","[21, 101, 42, 31, 22]","[14, 41, 32, 24, 20]","[12, 33, 23, 22, 11]","[11, 24, 13, 13, 10]","[4, 13, 11, 10, 3]","[2, 3, 10, 2, 1]","[0, 0, 2, 0, 0]"
"[140, 330, 201, 142, 140]","[130, 320, 143, 134, 131]","[122, 304, 141, 123, 123]","[120, 243, 131, 114, 120]","[112, 231, 122, 111, 112]","[111, 211, 111, 104, 111]","[104, 133, 104, 103, 104]","[44, 122, 103, 44, 100]","[40, 113, 100, 42, 40]","[30, 104, 43, 40, 31]","[21, 101, 42, 31, 22]","[14, 41, 32, 24, 20]","[12, 33, 23, 22, 11]","[11, 24, 13, 13, 10]","[4, 13, 11, 10, 3]","[2, 3, 10, 2, 1]","[0, 0, 2, 0, 0]"
"[140, 330, 203, 142, 133]","[131, 321, 200, 131, 130]","[122, 304, 142, 121, 124]","[120, 243, 131, 114, 120]","[112, 231, 122, 111, 112]","[111, 211, 111, 104, 111]","[104, 133, 104, 103, 104]","[44, 122, 103, 44, 100]","[40, 113, 100, 42, 40]","[30, 104, 43, 40, 31]","[21, 101, 42, 31, 22]","[14, 41, 32, 24, 20]","[12, 33, 23, 22, 11]","[11, 24, 13, 13, 10]","[4, 13, 11, 10, 3]","[2, 3, 10, 2, 1]","[0, 0, 2, 0, 0]"
"[140, 331, 143, 200, 134]","[131, 321, 141, 140, 130]","[123, 303, 134, 131, 122]","[121, 242, 130, 120, 120]","[112, 231, 114, 113, 113]","[111, 211, 111, 104, 111]","[104, 133, 104, 103, 104]","[44, 122, 103, 44, 100]","[40, 113, 100, 42, 40]","[30, 104, 43, 40, 31]","[21, 101, 42, 31, 22]","[14, 41, 32, 24, 20]","[12, 33, 23, 22, 11]","[11, 24, 13, 13, 10]","[4, 13, 11, 10, 3]","[2, 3, 10, 2, 1]","[0, 0, 2, 0, 0]"
"[143, 322, 200, 200, 133]","[133, 314, 140, 140, 131]","[130, 302, 134, 130, 122]","[121, 242, 130, 120, 120]","[112, 231, 114, 113, 113]","[111, 211, 111, 104, 111]","[104, 133, 104, 103, 104]","[44, 122, 103, 44, 100]","[40, 113, 100, 42, 40]","[30, 104, 43, 40, 31]","[21, 101, 42, 31, 22]","[14, 41, 32, 24, 20]","[12, 33, 23, 22, 11]","[11, 24, 13, 13, 10]","[4, 13, 11, 10, 3]","[2, 3, 10, 2, 1]","[0, 0, 2, 0, 0]"
"[132, 304, 220, 143, 203]","[123, 301, 210, 133, 200]","[113, 241, 201, 123, 144]","[111, 224, 142, 120, 140]","[103, 212, 132, 114, 131]","[101, 144, 123, 110, 124]","[43, 131, 120, 103, 120]","[34, 120, 112, 44, 113]","[32, 104, 104, 41, 104]","[23, 44, 102, 34, 44]","[21, 42, 44, 31, 33]","[20, 34, 41, 22, 24]","[13, 32, 31, 20, 20]","[10, 24, 22, 11, 14]","[3, 14, 13, 10, 11]","[1, 3, 12, 2, 4]","[0, 0, 4, 0, 2]","[0, 0, 2, 0, 0]"
"[133, 303, 222, 142, 202]","[130, 300, 210, 132, 200]","[113, 241, 201, 123, 144]","[111, 224, 142, 120, 140]","[103, 212, 132, 114, 131]","[101, 144, 123, 110, 124]","[43, 131, 120, 103, 120]","[34, 120, 112, 44, 113]","[32, 104, 104, 41, 104]","[23, 44, 102, 34, 44]","[21, 42, 44, 31, 33]","[20, 34, 41, 22, 24]","[13, 32, 31, 20, 20]","[10, 24, 22, 11, 14]","[3, 14, 13, 10, 11]","[1, 3, 12, 2, 4]","[0, 0, 4, 0, 2]","[0, 0, 2, 0, 0]"
"[133, 304, 213, 143, 204]","[130, 300, 210, 132, 200]","[113, 241, 201, 123, 144]","[111, 224, 142, 120, 140]","[103, 212, 132, 114, 131]","[101, 144, 123, 110, 124]","[43, 131, 120, 103, 120]","[34, 120, 112, 44, 113]","[32, 104, 104, 41, 104]","[23, 44, 102, 34, 44]","[21, 42, 44, 31, 33]","[20, 34, 41, 22, 24]","[13, 32, 31, 20, 20]","[10, 24, 22, 11, 14]","[3, 14, 13, 10, 11]","[1, 3, 12, 2, 4]","[0, 0, 4, 0, 2]","[0, 0, 2, 0, 0]"
"[133, 310, 214, 142, 203]","[130, 300, 210, 132, 200]","[113, 241, 201, 123, 144]","[111, 224, 142, 120, 140]","[103, 212, 132, 114, 131]","[101, 144, 123, 110, 124]","[43, 131, 120, 103, 120]","[34, 120, 112, 44, 113]","[32, 104, 104, 41, 104]","[23, 44, 102, 34, 44]","[21, 42, 44, 31, 33]","[20, 34, 41, 22, 24]","[13, 32, 31, 20, 20]","[10, 24, 22, 11, 14]","[3, 14, 13, 10, 11]","[1, 3, 12, 2, 4]","[0, 0, 4, 0, 2]","[0, 0, 2, 0, 0]"
"[133, 311, 220, 141, 202]","[130, 300, 210, 132, 200]","[113, 241, 201, 123, 144]","[111, 224, 142, 120, 140]","[103, 212, 132, 114, 131]","[101, 144, 123, 110, 124]","[43, 131, 120, 103, 120]","[34, 120, 112, 44, 113]","[32, 104, 104, 41, 104]","[23, 44, 102, 34, 44]","[21, 42, 44, 31, 33]","[20, 34, 41, 22, 24]","[13, 32, 31, 20, 20]","[10, 24, 22, 11, 14]","[3, 14, 13, 10, 11]","[1, 3, 12, 2, 4]","[0, 0, 4, 0, 2]","[0, 0, 2, 0, 0]"
"[134, 303, 220, 142, 203]","[130, 300, 210, 132, 200]","[113, 241, 201, 123, 144]","[111, 224, 142, 120, 140]","[103, 212, 132, 114, 131]","[101, 144, 123, 110, 124]","[43, 131, 120, 103, 120]","[34, 120, 112, 44, 113]","[32, 104, 104, 41, 104]","[23, 44, 102, 34, 44]","[21, 42, 44, 31, 33]","[20, 34, 41, 22, 24]","[13, 32, 31, 20, 20]","[10, 24, 22, 11, 14]","[3, 14, 13, 10, 11]","[1, 3, 12, 2, 4]","[0, 0, 4, 0, 2]","[0, 0, 2, 0, 0]"
"[140, 310, 213, 140, 204]","[130, 300, 210, 132, 200]","[113, 241, 201, 123, 144]","[111, 224, 142, 120, 140]","[103, 212, 132, 114, 131]","[101, 144, 123, 110, 124]","[43, 131, 120, 103, 120]","[34, 120, 112, 44, 113]","[32, 104, 104, 41, 104]","[23, 44, 102, 34, 44]","[21, 42, 44, 31, 33]","[20, 34, 41, 22, 24]","[13, 32, 31, 20, 20]","[10, 24, 22, 11, 14]","[3, 14, 13, 10, 11]","[1, 3, 12, 2, 4]","[0, 0, 4, 0, 2]","[0, 0, 2, 0, 0]"
"[131, 323, 220, 143, 142]","[124, 313, 210, 133, 134]","[122, 302, 202, 122, 131]","[114, 242, 134, 114, 130]","[112, 230, 131, 111, 120]","[104, 211, 122, 103, 114]","[101, 143, 113, 101, 111]","[43, 122, 112, 43, 104]","[41, 112, 103, 40, 100]","[31, 101, 101, 33, 42]","[23, 40, 44, 24, 40]","[20, 34, 41, 22, 24]","[13, 32, 31, 20, 20]","[10, 24, 22, 11, 14]","[3, 14, 13, 10, 11]","[1, 3, 12, 2, 4]","[0, 0, 4, 0, 2]","[0, 0, 2, 0, 0]"
"[131, 324, 220, 140, 144]","[123, 314, 211, 132, 134]","[122, 302, 202, 122, 131]","[114, 242, 134, 114, 130]","[112, 230, 131, 111, 120]","[104, 211, 122, 103, 114]","[101, 143, 113, 101, 111]","[43, 122, 112, 43, 104]","[41, 112, 103, 40, 100]","[31, 101, 101, 33, 42]","[23, 40, 44, 24, 40]","[20, 34, 41, 22, 24]","[13, 32, 31, 20, 20]","[10, 24, 22, 11, 14]","[3, 14, 13, 10, 11]","[1, 3, 12, 2, 4]","[0, 0, 4, 0, 2]","[0, 0, 2, 0, 0]"
"[131, 330, 220, 141, 142]","[123, 314, 211, 132, 134]","[122, 302, 202, 122, 131]","[114, 242, 134, 114, 130]","[112, 230, 131, 111, 120]","[104, 211, 122, 103, 114]","[101, 143, 113, 101, 111]","[43, 122, 112, 43, 104]","[41, 112, 103, 40, 100]","[31, 101, 101, 33, 42]","[23, 40, 44, 24, 40]","[20, 34, 41, 22, 24]","[13, 32, 31, 20, 20]","[10, 24, 22, 11, 14]","[3, 14, 13, 10, 11]","[1, 3, 12, 2, 4]","[0, 0, 4, 0, 2]","[0, 0, 2, 0, 0]"
"[134, 320, 222, 144, 204]","[131, 312, 211, 141, 144]","[130, 243, 203, 133, 140]","[121, 234, 200, 122, 132]","[113, 224, 133, 114, 130]","[111, 212, 130, 104, 122]","[103, 144, 120, 102, 120]","[43, 133, 111, 100, 112]","[40, 120, 104, 41, 110]","[30, 104, 102, 40, 101]","[14, 44, 100, 33, 43]","[11, 41, 44, 24, 33]","[10, 32, 42, 21, 23]","[3, 24, 32, 13, 21]","[2, 21, 23, 4, 14]","[1, 13, 14, 2, 11]","[0, 2, 12, 0, 4]","[0, 0, 4, 0, 2]","[0, 0, 2, 0, 0]"
"[140, 320, 222, 144, 203]","[131, 312, 211, 141, 144]","[130, 243, 203, 133, 140]","[121, 234, 200, 122, 132]","[113, 224, 133, 114, 130]","[111, 212, 130, 104, 122]","[103, 144, 120, 102, 120]","[43, 133, 111, 100, 112]","[40, 120, 104, 41, 110]","[30, 104, 102, 40, 101]","[14, 44, 100, 33, 43]","[11, 41, 44, 24, 33]","[10, 32, 42, 21, 23]","[3, 24, 32, 13, 21]","[2, 21, 23, 4, 14]","[1, 13, 14, 2, 11]","[0, 2, 12, 0, 4]","[0, 0, 4, 0, 2]","[0, 0, 2, 0, 0]"
"[141, 312, 224, 200, 202]","[132, 303, 212, 143, 144]","[130, 243, 203, 133, 140]","[121, 234, 200, 122, 132]","[113, 224, 133, 114, 130]","[111, 212, 130, 104, 122]","[103, 144, 120, 102, 120]","[43, 133, 111, 100, 112]","[40, 120, 104, 41, 110]","[30, 104, 102, 40, 101]","[14, 44, 100, 33, 43]","[11, 41, 44, 24, 33]","[10, 32, 42, 21, 23]","[3, 24, 32, 13, 21]","[2, 21, 23, 4, 14]","[1, 13, 14, 2, 11]","[0, 2, 12, 0, 4]","[0, 0, 4, 0, 2]","[0, 0, 2, 0, 0]"
"[134, 340, 214, 143, 202]","[131, 331, 210, 134, 142]","[124, 314, 202, 124, 134]","[122, 304, 142, 121, 124]","[120, 243, 131, 114, 120]","[112, 231, 122, 111, 112]","[111, 211, 111, 104, 111]","[104, 133, 104, 103, 104]","[44, 122, 103, 44, 100]","[40, 113, 100, 42, 40]","[30, 104, 43, 40, 31]","[21, 101, 42, 31, 22]","[14, 41, 32, 24, 20]","[12, 33, 23, 22, 11]","[11, 24, 13, 13, 10]","[4, 13, 11, 10, 3]","[2, 3, 10, 2, 1]","[0, 0, 2, 0, 0]"
"[134, 341, 220, 142, 201]","[131, 331, 210, 134, 142]","[124, 314, 202, 124, 134]","[122, 304, 142, 121, 124]","[120, 243, 131, 114, 120]","[112, 231, 122, 111, 112]","[111, 211, 111, 104, 111]","[104, 133, 104, 103, 104]","[44, 122, 103, 44, 100]","[40, 113, 100, 42, 40]","[30, 104, 43, 40, 31]","[21, 101, 42, 31, 22]","[14, 41, 32, 24, 20]","[12, 33, 23, 22, 11]","[11, 24, 13, 13, 10]","[4, 13, 11, 10, 3]","[2, 3, 10, 2, 1]","[0, 0, 2, 0, 0]"
"[141, 332, 214, 203, 143]","[134, 322, 210, 143, 134]","[132, 312, 201, 133, 130]","[124, 301, 142, 122, 124]","[122, 240, 131, 120, 120]","[113, 224, 120, 113, 113]","[111, 211, 111, 104, 111]","[104, 133, 104, 103, 104]","[44, 122, 103, 44, 100]","[40, 113, 100, 42, 40]","[30, 104, 43, 40, 31]","[21, 101, 42, 31, 22]","[14, 41, 32, 24, 20]","[12, 33, 23, 22, 11]","[11, 24, 13, 13, 10]","[4, 13, 11, 10, 3]","[2, 3, 10, 2, 1]","[0, 0, 2, 0, 0]"
"[141, 332, 222, 201, 142]","[134, 322, 210, 143, 134]","[132, 312, 201, 133, 130]","[124, 301, 142, 122, 124]","[122, 240, 131, 120, 120]","[113, 224, 120, 113, 113]","[111, 211, 111, 104, 111]","[104, 133, 104, 103, 104]","[44, 122, 103, 44, 100]","[40, 113, 100, 42, 40]","[30, 104, 43, 40, 31]","[21, 101, 42, 31, 22]","[14, 41, 32, 24, 20]","[12, 33, 23, 22, 11]","[11, 24, 13, 13, 10]","[4, 13, 11, 10, 3]","[2, 3, 10, 2, 1]","[0, 0, 2, 0, 0]"
"[142, 332, 222, 201, 141]","[140, 322, 210, 143, 133]","[132, 312, 201, 133, 130]","[124, 301, 142, 122, 124]","[122, 240, 131, 120, 120]","[113, 224, 120, 113, 113]","[111, 211, 111, 104, 111]","[104, 133, 104, 103, 104]","[44, 122, 103, 44, 100]","[40, 113, 100, 42, 40]","[30, 104, 43, 40, 31]","[21, 101, 42, 31, 22]","[14, 41, 32, 24, 20]","[12, 33, 23, 22, 11]","[11, 24, 13, 13, 10]","[4, 13, 11, 10, 3]","[2, 3, 10, 2, 1]","[0, 0, 2, 0, 0]"
"[142, 334, 204, 203, 200]","[132, 332, 144, 144, 141]","[131, 321, 141, 140, 130]","[123, 303, 134, 131, 122]","[121, 242, 130, 120, 120]","[112, 231, 114, 113, 113]","[111, 211, 111, 104, 111]","[104, 133, 104, 103, 104]","[44, 122, 103, 44, 100]","[40, 113, 100, 42, 40]","[30, 104, 43, 40, 31]","[21, 101, 42, 31, 22]","[14, 41, 32, 24, 20]","[12, 33, 23, 22, 11]","[11, 24, 13, 13, 10]","[4, 13, 11, 10, 3]","[2, 3, 10, 2, 1]","[0, 0, 2, 0, 0]"
"[142, 340, 203, 211, 142]","[134, 330, 143, 203, 133]","[131, 321, 141, 140, 130]","[123, 303, 134, 131, 122]","[121, 242, 130, 120, 120]","[112, 231, 114, 113, 113]","[111, 211, 111, 104, 111]","[104, 133, 104, 103, 104]","[44, 122, 103, 44, 100]","[40, 113, 100, 42, 40]","[30, 104, 43, 40, 31]","[21, 101, 42, 31, 22]","[14, 41, 32, 24, 20]","[12, 33, 23, 22, 11]","[11, 24, 13, 13, 10]","[4, 13, 11, 10, 3]","[2, 3, 10, 2, 1]","[0, 0, 2, 0, 0]"
"[142, 341, 204, 201, 200]","[132, 332, 144, 144, 141]","[131, 321, 141, 140, 130]","[123, 303, 134, 131, 122]","[121, 242, 130, 120, 120]","[112, 231, 114, 113, 113]","[111, 211, 111, 104, 111]","[104, 133, 104, 103, 104]","[44, 122, 103, 44, 100]","[40, 113, 100, 42, 40]","[30, 104, 43, 40, 31]","[21, 101, 42, 31, 22]","[14, 41, 32, 24, 20]","[12, 33, 23, 22, 11]","[11, 24, 13, 13, 10]","[4, 13, 11, 10, 3]","[2, 3, 10, 2, 1]","[0, 0, 2, 0, 0]"
"[143, 330, 220, 203, 142]","[134, 322, 210, 143, 134]","[132, 312, 201, 133, 130]","[124, 301, 142, 122, 124]","[122, 240, 131, 120, 120]","[113, 224, 120, 113, 113]","[111, 211, 111, 104, 111]","[104, 133, 104, 103, 104]","[44, 122, 103, 44, 100]","[40, 113, 100, 42, 40]","[30, 104, 43, 40, 31]","[21, 101, 42, 31, 22]","[14, 41, 32, 24, 20]","[12, 33, 23, 22, 11]","[11, 24, 13, 13, 10]","[4, 13, 11, 10, 3]","[2, 3, 10, 2, 1]","[0, 0, 2, 0, 0]"
"[143, 340, 211, 200, 144]","[134, 330, 203, 142, 134]","[131, 321, 200, 131, 130]","[122, 304, 142, 121, 124]","[120, 243, 131, 114, 120]","[112, 231, 122, 111, 112]","[111, 211, 111, 104, 111]","[104, 133, 104, 103, 104]","[44, 122, 103, 44, 100]","[40, 113, 100, 42, 40]","[30, 104, 43, 40, 31]","[21, 101, 42, 31, 22]","[14, 41, 32, 24, 20]","[12, 33, 23, 22, 11]","[11, 24, 13, 13, 10]","[4, 13, 11, 10, 3]","[2, 3, 10, 2, 1]","[0, 0, 2, 0, 0]"
"[144, 340, 211, 200, 143]","[140, 330, 203, 142, 133]","[131, 321, 200, 131, 130]","[122, 304, 142, 121, 124]","[120, 243, 131, 114, 120]","[112, 231, 122, 111, 112]","[111, 211, 111, 104, 111]","[104, 133, 104, 103, 104]","[44, 122, 103, 44, 100]","[40, 113, 100, 42, 40]","[30, 104, 43, 40, 31]","[21, 101, 42, 31, 22]","[14, 41, 32, 24, 20]","[12, 33, 23, 22, 11]","[11, 24, 13, 13, 10]","[4, 13, 11, 10, 3]","[2, 3, 10, 2, 1]","[0, 0, 2, 0, 0]"
"[200, 333, 213, 202, 140]","[140, 330, 203, 142, 133]","[131, 321, 200, 131, 130]","[122, 304, 142, 121, 124]","[120, 243, 131, 114, 120]","[112, 231, 122, 111, 112]","[111, 211, 111, 104, 111]","[104, 133, 104, 103, 104]","[44, 122, 103, 44, 100]","[40, 113, 100, 42, 40]","[30, 104, 43, 40, 31]","[21, 101, 42, 31, 22]","[14, 41, 32, 24, 20]","[12, 33, 23, 22, 11]","[11, 24, 13, 13, 10]","[4, 13, 11, 10, 3]","[2, 3, 10, 2, 1]","[0, 0, 2, 0, 0]"
"[200, 334, 210, 201, 143]","[140, 330, 201, 142, 140]","[130, 320, 143, 134, 131]","[122, 304, 141, 123, 123]","[120, 243, 131, 114, 120]","[112, 231, 122, 111, 112]","[111, 211, 111, 104, 111]","[104, 133, 104, 103, 104]","[44, 122, 103, 44, 100]","[40, 113, 100, 42, 40]","[30, 104, 43, 40, 31]","[21, 101, 42, 31, 22]","[14, 41, 32, 24, 20]","[12, 33, 23, 22, 11]","[11, 24, 13, 13, 10]","[4, 13, 11, 10, 3]","[2, 3, 10, 2, 1]","[0, 0, 2, 0, 0]"
"[141, 321, 223, 144, 213]","[140, 310, 213, 140, 204]","[130, 300, 210, 132, 200]","[113, 241, 201, 123, 144]","[111, 224, 142, 120, 140]","[103, 212, 132, 114, 131]","[101, 144, 123, 110, 124]","[43, 131, 120, 103, 120]","[34, 120, 112, 44, 113]","[32, 104, 104, 41, 104]","[23, 44, 102, 34, 44]","[21, 42, 44, 31, 33]","[20, 34, 41, 22, 24]","[13, 32, 31, 20, 20]","[10, 24, 22, 11, 14]","[3, 14, 13, 10, 11]","[1, 3, 12, 2, 4]","[0, 0, 4, 0, 2]","[0, 0, 2, 0, 0]"
"[141, 321, 224, 142, 214]","[140, 310, 213, 140, 204]","[130, 300, 210, 132, 200]","[113, 241, 201, 123, 144]","[111, 224, 142, 120, 140]","[103, 212, 132, 114, 131]","[101, 144, 123, 110, 124]","[43, 131, 120, 103, 120]","[34, 120, 112, 44, 113]","[32, 104, 104, 41, 104]","[23, 44, 102, 34, 44]","[21, 42, 44, 31, 33]","[20, 34, 41, 22, 24]","[13, 32, 31, 20, 20]","[10, 24, 22, 11, 14]","[3, 14, 13, 10, 11]","[1, 3, 12, 2, 4]","[0, 0, 4, 0, 2]","[0, 0, 2, 0, 0]"
"[200, 313, 230, 200, 204]","[133, 311, 220, 141, 202]","[130, 300, 210, 132, 200]","[113, 241, 201, 123, 144]","[111, 224, 142, 120, 140]","[103, 212, 132, 114, 131]","[101, 144, 123, 110, 124]","[43, 131, 120, 103, 120]","[34, 120, 112, 44, 113]","[32, 104, 104, 41, 104]","[23, 44, 102, 34, 44]","[21, 42, 44, 31, 33]","[20, 34, 41, 22, 24]","[13, 32, 31, 20, 20]","[10, 24, 22, 11, 14]","[3, 14, 13, 10, 11]","[1, 3, 12, 2, 4]","[0, 0, 4, 0, 2]","[0, 0, 2, 0, 0]"
"[142, 323, 240, 202, 212]","[134, 320, 222, 144, 204]","[131, 312, 211, 141, 144]","[130, 243, 203, 133, 140]","[121, 234, 200, 122, 132]","[113, 224, 133, 114, 130]","[111, 212, 130, 104, 122]","[103, 144, 120, 102, 120]","[43, 133, 111, 100, 112]","[40, 120, 104, 41, 110]","[30, 104, 102, 40, 101]","[14, 44, 100, 33, 43]","[11, 41, 44, 24, 33]","[10, 32, 42, 21, 23]","[3, 24, 32, 13, 21]","[2, 21, 23, 4, 14]","[1, 13, 14, 2, 11]","[0, 2, 12, 0, 4]","[0, 0, 4, 0, 2]","[0, 0, 2, 0, 0]"
"[143, 330, 231, 204, 211]","[140, 320, 222, 144, 203]","[131, 312, 211, 141, 144]","[130, 243, 203, 133, 140]","[121, 234, 200, 122, 132]","[113, 224, 133, 114, 130]","[111, 212, 130, 104, 122]","[103, 144, 120, 102, 120]","[43, 133, 111, 100, 112]","[40, 120, 104, 41, 110]","[30, 104, 102, 40, 101]","[14, 44, 100, 33, 43]","[11, 41, 44, 24, 33]","[10, 32, 42, 21, 23]","[3, 24, 32, 13, 21]","[2, 21, 23, 4, 14]","[1, 13, 14, 2, 11]","[0, 2, 12, 0, 4]","[0, 0, 4, 0, 2]","[0, 0, 2, 0, 0]"
"[200, 322, 234, 203, 210]","[140, 320, 222, 144, 203]","[131, 312, 211, 141, 144]","[130, 243, 203, 133, 140]","[121, 234, 200, 122, 132]","[113, 224, 133, 114, 130]","[111, 212, 130, 104, 122]","[103, 144, 120, 102, 120]","[43, 133, 111, 100, 112]","[40, 120, 104, 41, 110]","[30, 104, 102, 40, 101]","[14, 44, 100, 33, 43]","[11, 41, 44, 24, 33]","[10, 32, 42, 21, 23]","[3, 24, 32, 13, 21]","[2, 21, 23, 4, 14]","[1, 13, 14, 2, 11]","[0, 2, 12, 0, 4]","[0, 0, 4, 0, 2]","[0, 0, 2, 0, 0]"
"[144, 341, 224, 210, 204]","[141, 332, 214, 203, 143]","[134, 322, 210, 143, 134]","[132, 312, 201, 133, 130]","[124, 301, 142, 122, 124]","[122, 240, 131, 120, 120]","[113, 224, 120, 113, 113]","[111, 211, 111, 104, 111]","[104, 133, 104, 103, 104]","[44, 122, 103, 44, 100]","[40, 113, 100, 42, 40]","[30, 104, 43, 40, 31]","[21, 101, 42, 31, 22]","[14, 41, 32, 24, 20]","[12, 33, 23, 22, 11]","[11, 24, 13, 13, 10]","[4, 13, 11, 10, 3]","[2, 3, 10, 2, 1]","[0, 0, 2, 0, 0]"
"[200, 342, 232, 200, 204]","[134, 341, 220, 142, 201]","[131, 331, 210, 134, 142]","[124, 314, 202, 124, 134]","[122, 304, 142, 121, 124]","[120, 243, 131, 114, 120]","[112, 231, 122, 111, 112]","[111, 211, 111, 104, 111]","[104, 133, 104, 103, 104]","[44, 122, 103, 44, 100]","[40, 113, 100, 42, 40]","[30, 104, 43, 40, 31]","[21, 101, 42, 31, 22]","[14, 41, 32, 24, 20]","[12, 33, 23, 22, 11]","[11, 24, 13, 13, 10]","[4, 13, 11, 10, 3]","[2, 3, 10, 2, 1]","[0, 0, 2, 0, 0]"
"[200, 343, 230, 201, 204]","[134, 341, 220, 142, 201]","[131, 331, 210, 134, 142]","[124, 314, 202, 124, 134]","[122, 304, 142, 121, 124]","[120, 243, 131, 114, 120]","[112, 231, 122, 111, 112]","[111, 211, 111, 104, 111]","[104, 133, 104, 103, 104]","[44, 122, 103, 44, 100]","[40, 113, 100, 42, 40]","[30, 104, 43, 40, 31]","[21, 101, 42, 31, 22]","[14, 41, 32, 24, 20]","[12, 33, 23, 22, 11]","[11, 24, 13, 13, 10]","[4, 13, 11, 10, 3]","[2, 3, 10, 2, 1]","[0, 0, 2, 0, 0]"
"[202, 340, 230, 211, 200]","[141, 332, 214, 203, 143]","[134, 322, 210, 143, 134]","[132, 312, 201, 133, 130]","[124, 301, 142, 122, 124]","[122, 240, 131, 120, 120]","[113, 224, 120, 113, 113]","[111, 211, 111, 104, 111]","[104, 133, 104, 103, 104]","[44, 122, 103, 44, 100]","[40, 113, 100, 42, 40]","[30, 104, 43, 40, 31]","[21, 101, 42, 31, 22]","[14, 41, 32, 24, 20]","[12, 33, 23, 22, 11]","[11, 24, 13, 13, 10]","[4, 13, 11, 10, 3]","[2, 3, 10, 2, 1]","[0, 0, 2, 0, 0]"
"[203, 342, 223, 204, 201]","[144, 340, 211, 200, 143]","[140, 330, 203, 142, 133]","[131, 321, 200, 131, 130]","[122, 304, 142, 121, 124]","[120, 243, 131, 114, 120]","[112, 231, 122, 111, 112]","[111, 211, 111, 104, 111]","[104, 133, 104, 103, 104]","[44, 122, 103, 44, 100]","[40, 113, 100, 42, 40]","[30, 104, 43, 40, 31]","[21, 101, 42, 31, 22]","[14, 41, 32, 24, 20]","[12, 33, 23, 22, 11]","[11, 24, 13, 13, 10]","[4, 13, 11, 10, 3]","[2, 3, 10, 2, 1]","[0, 0, 2, 0, 0]"
"[143, 324, 241, 202, 222]","[141, 321, 223, 144, 213]","[140, 310, 213, 140, 204]","[130, 300, 210, 132, 200]","[113, 241, 201, 123, 144]","[111, 224, 142, 120, 140]","[103, 212, 132, 114, 131]","[101, 144, 123, 110, 124]","[43, 131, 120, 103, 120]","[34, 120, 112, 44, 113]","[32, 104, 104, 41, 104]","[23, 44, 102, 34, 44]","[21, 42, 44, 31, 33]","[20, 34, 41, 22, 24]","[13, 32, 31, 20, 20]","[10, 24, 22, 11, 14]","[3, 14, 13, 10, 11]","[1, 3, 12, 2, 4]","[0, 0, 4, 0, 2]","[0, 0, 2, 0, 0]"
"[144, 323, 240, 203, 222]","[141, 321, 223, 144, 213]","[140, 310, 213, 140, 204]","[130, 300, 210, 132, 200]","[113, 241, 201, 123, 144]","[111, 224, 142, 120, 140]","[103, 212, 132, 114, 131]","[101, 144, 123, 110, 124]","[43, 131, 120, 103, 120]","[34, 120, 112, 44, 113]","[32, 104, 104, 41, 104]","[23, 44, 102, 34, 44]","[21, 42, 44, 31, 33]","[20, 34, 41, 22, 24]","[13, 32, 31, 20, 20]","[10, 24, 22, 11, 14]","[3, 14, 13, 10, 11]","[1, 3, 12, 2, 4]","[0, 0, 4, 0, 2]","[0, 0, 2, 0, 0]"
"[201, 323, 240, 203, 220]","[141, 321, 223, 144, 213]","[140, 310, 213, 140, 204]","[130, 300, 210, 132, 200]","[113, 241, 201, 123, 144]","[111, 224, 142, 120, 140]","[103, 212, 132, 114, 131]","[101, 144, 123, 110, 124]","[43, 131, 120, 103, 120]","[34, 120, 112, 44, 113]","[32, 104, 104, 41, 104]","[23, 44, 102, 34, 44]","[21, 42, 44, 31, 33]","[20, 34, 41, 22, 24]","[13, 32, 31, 20, 20]","[10, 24, 22, 11, 14]","[3, 14, 13, 10, 11]","[1, 3, 12, 2, 4]","[0, 0, 4, 0, 2]","[0, 0, 2, 0, 0]"
